ID,cut,color,clarity,depth,table,price,x,y,z
1,,E,SI2,60.2,60.0,5340,6.46,6.5,3.9
2,Ideal,G,VVS2,62.7,57.0,1936,5.12,5.05,3.19
3,Premium,E,VVS1,62.0,59.0,1012,4.33,4.28,2.67
4,Ideal,G,VS2,61.7,57.0,720,4.41,4.38,2.71
5,,G,VS2,62.4,58.0,6301,6.41,6.48,4.02
6,Premium,D,VVS2,61.5,60.0,925,4.36,4.42,2.7
7,Very Good,D,SI1,60.2,61.0,571,4.39,4.42,2.65
8,Very Good,I,SI1,62.5,58.0,4450,6.5,6.58,4.09
9,Fair,I,VS1,64.4,59.0,1229,5.3,5.2,3.38
10,Ideal,G,VS1,62.3,57.0,6918,6.59,6.64,4.12
42,Very Good,E,VVS1,,59.0,477,3.96,,2.4
43,,J,VS1,62.2,59.0,10429,7.69,7.74,4.8
44,Good,H,SI1,62.7,60.0,4389,6.24,6.29,3.93
45,Premium,G,VS1,62.6,59.0,6951,6.57,6.53,4.1
46,Very Good,H,VVS1,62.0,57.0,1846,5.2,5.25,3.24
47,Fair,H,SI2,64.5,56.0,11655,7.92,7.86,5.09
48,Very Good,E,VVS2,62.2,59.0,470,3.94,4.0,2.47
49,Premium,G,VS2,62.8,62.0,630,4.24,4.2,2.65
50,Ideal,E,VS2,62.1,54.0,1607,5.13,5.15,3.19
51,Ideal,F,VS2,62.1,57.0,8416,6.77,6.76,4.2
52,,E,SI1,61.1,57.0,2629,5.72,5.7,3.49
53,Ideal,G,VVS2,,56.0,3832,5.9,,3.58
54,Premium,G,VS2,61.1,58.0,1381,5.18,5.19,3.17
55,Good,H,VS2,58.1,59.0,4685,6.36,6.34,3.69
56,Very Good,G,SI2,,58.0,4250,6.44,,3.94
57,Ideal,D,VS1,61.9,56.0,2657,5.44,5.45,3.37
58,Ideal,E,SI1,63.3,54.2,5727,6.3,6.37,4.01
59,Ideal,I,SI2,61.4,58.0,8021,7.41,7.41,4.55
60,Good,E,SI1,64.2,58.0,2000,5.48,5.54,3.54
61,Premium,G,VS2,60.4,59.0,18526,7.99,7.9,4.8
62,,F,SI1,63.5,57.0,944,4.7,4.69,2.98
63,Ideal,G,VS1,64.1,54.0,1803,5.38,5.29,3.42
64,Ideal,D,VS1,61.9,54.0,988,4.67,4.73,2.91
65,Premium,D,SI1,60.3,62.0,1720,5.3,5.25,3.18
66,Premium,D,VS2,62.8,58.0,1842,5.14,5.11,3.22
67,Ideal,I,VVS2,61.9,55.0,2514,5.79,5.84,3.6
68,Ideal,I,SI1,61.8,56.0,1075,5.15,5.17,3.19
69,Ideal,H,SI2,61.7,55.0,16642,8.16,8.12,5.02
70,Very Good,H,VS2,59.6,59.0,4979,6.48,6.55,3.88
71,Premium,G,VS2,61.0,62.0,629,4.33,4.29,2.63
72,Ideal,E,VS1,61.5,57.0,1857,5.28,5.23,3.23
73,Very Good,E,SI1,59.4,60.0,2973,6.06,6.1,3.61
74,Ideal,H,VVS1,61.6,57.0,3180,5.74,5.76,3.54
75,Ideal,I,SI2,62.7,55.0,3146,6.52,6.47,4.07
76,Premium,E,VS1,60.3,58.0,1053,4.81,4.81,2.9
77,Very Good,H,VS1,62.7,57.0,14136,7.48,7.57,4.72
78,Ideal,H,VS2,62.0,54.0,1377,5.23,5.26,3.25
79,Ideal,I,SI2,63.7,58.0,8061,7.3,7.27,4.64
80,Good,H,SI1,58.4,60.0,18027,8.31,8.36,4.87
81,Ideal,H,VVS2,62.0,55.0,645,4.37,4.41,2.72
82,Ideal,F,VVS1,61.9,56.0,842,4.37,4.39,2.71
83,Premium,G,SI1,60.2,60.0,668,4.6,4.57,2.76
84,Ideal,H,SI1,62.3,56.0,5501,6.71,6.7,4.18
85,,E,VVS2,61.0,60.0,788,4.26,4.3,2.61
86,Very Good,F,SI1,62.8,57.0,2251,5.61,5.67,3.54
87,Premium,I,SI1,61.6,58.0,14241,8.12,8.06,4.98
88,Very Good,G,VVS2,61.8,59.0,8689,6.75,6.77,4.18
89,Premium,G,VS2,61.1,58.0,1112,4.87,4.85,2.97
90,Ideal,G,VS2,60.1,55.0,1635,5.34,5.38,3.22
91,Ideal,D,SI2,61.1,56.0,2505,5.76,5.8,3.53
92,Very Good,D,VVS2,59.9,58.0,3056,5.63,5.69,3.39
93,Ideal,E,SI1,62.3,56.0,788,4.56,4.53,2.83
94,Premium,F,VVS2,62.4,58.0,1192,4.75,4.71,2.95
95,Ideal,I,SI1,61.2,58.0,8752,7.36,7.39,4.51
96,Premium,G,SI2,62.4,59.0,3297,6.5,6.48,4.05
127,Ideal,H,VVS1,62.1,55.0,8693,6.84,6.91,4.27
128,Good,I,SI2,63.6,56.0,3786,6.36,6.4,4.06
129,Very Good,E,VVS2,59.3,59.0,1292,4.95,4.96,2.94
130,Ideal,I,VS1,62.1,54.0,587,4.58,4.6,2.85
131,Ideal,F,VS1,61.4,57.0,11132,7.25,7.09,4.4
132,Ideal,D,VS2,62.6,55.0,3735,5.71,5.76,3.59
133,Premium,H,VS1,59.7,59.0,5883,6.66,6.57,3.95
134,Premium,E,VS1,61.1,59.0,1052,4.73,4.76,2.9
135,,G,SI2,62.8,56.0,4686,6.47,6.61,4.11
136,Premium,G,SI1,,58.0,2215,5.88,,3.42
137,Good,E,SI1,60.6,61.0,724,4.95,4.99,3.01
138,Very Good,E,SI1,60.8,57.0,1438,5.2,5.22,3.17
139,Ideal,D,SI2,62.5,55.0,3990,6.2,6.25,3.89
140,Premium,G,SI1,62.3,58.0,10220,7.35,7.32,4.57
141,Premium,F,VS2,61.9,59.0,6097,6.46,6.39,3.98
142,Premium,D,VS2,59.4,61.0,1828,5.24,5.24,3.11
143,Premium,F,SI1,61.0,59.0,2023,5.73,5.68,3.48
144,Very Good,D,VS1,62.7,58.0,2951,5.65,5.68,3.55
145,Ideal,F,IF,61.8,55.0,885,4.32,4.35,2.68
146,Ideal,H,I1,62.2,55.0,3678,6.66,6.69,4.15
147,Ideal,G,IF,62.0,53.0,1289,4.81,4.87,3.0
148,Very Good,I,VS1,62.3,59.0,12560,7.62,7.64,4.75
149,,G,IF,58.5,60.0,3543,5.84,5.86,3.42
150,Ideal,F,SI2,62.0,56.0,5305,6.62,6.57,4.09
151,,H,SI1,59.9,63.0,4470,6.38,6.34,3.81
152,Premium,F,VS2,60.6,58.0,1108,4.82,4.79,2.91
153,Very Good,D,SI1,61.4,60.0,15544,7.77,7.79,4.78
154,Ideal,F,VVS1,61.0,55.0,1028,4.61,4.6,2.81
155,,F,VVS2,63.9,58.0,10173,6.66,6.67,4.26
156,Very Good,I,I1,59.3,61.0,8256,8.25,8.3,4.91
157,Ideal,F,SI2,61.4,56.0,763,4.76,4.79,2.93
158,Premium,E,SI1,60.3,58.0,530,4.24,4.22,2.55
159,Ideal,E,VVS1,,53.2,1245,4.61,,2.9
160,,I,VS1,63.1,56.0,4128,6.42,6.36,4.03
161,Ideal,D,SI2,60.7,56.0,1320,5.23,5.25,3.18
162,Very Good,F,VS2,60.5,55.0,1610,5.24,5.3,3.19
163,Very Good,D,VS2,62.4,57.0,2906,5.73,5.8,3.6
164,Fair,I,SI1,60.6,66.0,3337,6.42,6.35,3.87
165,Very Good,G,VS2,60.9,56.0,579,4.46,4.5,2.73
166,Ideal,D,VS2,62.6,56.0,781,4.39,4.43,2.76
167,,H,SI2,60.3,59.0,5276,6.99,6.94,4.2
168,Premium,E,SI2,61.1,60.0,435,4.33,4.38,2.66
169,Premium,D,SI1,61.0,58.0,1753,5.21,5.18,3.17
170,Ideal,E,SI1,59.5,57.0,1547,5.25,5.2,3.11
171,Very Good,D,SI2,61.7,60.0,4478,6.45,6.45,3.98
172,Ideal,D,VVS2,61.7,54.0,945,4.53,4.58,2.81
173,Premium,E,SI2,62.6,57.0,3898,6.67,6.63,4.16
174,Ideal,D,SI2,61.9,55.0,1314,5.2,5.23,3.23
175,Ideal,G,VVS2,60.7,56.0,2058,5.32,5.33,3.23
176,Ideal,G,VS2,61.4,57.0,6140,6.88,6.79,4.2
177,,I,SI2,64.7,58.0,6717,7.05,7.16,4.6
178,Ideal,G,VS1,61.5,54.0,4164,6.08,6.14,3.76
179,Very Good,D,VVS2,60.8,56.0,1134,4.78,4.82,2.92
180,Premium,F,VS2,61.1,60.0,14960,7.55,7.57,4.62
181,Good,J,VS2,61.4,63.0,13542,8.02,8.06,4.94
182,Ideal,F,I1,62.3,54.0,3438,6.43,6.42,4.0
183,Very Good,E,VVS1,61.5,57.0,1103,4.44,4.5,2.75
184,Ideal,F,VVS1,61.8,54.0,857,4.33,4.37,2.69
185,Premium,F,SI2,61.9,62.0,3211,6.11,6.07,3.77
186,Ideal,J,SI2,62.1,56.0,3466,6.35,6.4,3.96
187,Very Good,D,SI2,60.9,60.0,18407,8.21,8.27,5.02
188,Ideal,G,SI2,,56.0,2023,5.71,,3.56
189,Very Good,H,SI1,60.2,62.0,5047,6.53,6.56,3.94
190,Very Good,D,SI2,61.0,58.0,5320,6.63,6.69,4.06
191,Very Good,G,VVS2,63.1,60.0,685,4.23,4.27,2.68
192,Ideal,G,IF,62.8,57.0,8778,6.43,6.38,4.02
193,Very Good,D,VVS2,62.9,56.0,512,3.99,4.02,2.52
194,Ideal,G,VS1,61.7,56.0,1956,5.22,5.28,3.24
195,Premium,F,SI1,59.8,59.0,4232,6.27,6.3,3.76
196,,D,SI1,61.4,58.0,2913,5.74,5.8,3.54
197,Fair,G,I1,65.4,59.0,8710,8.53,8.37,5.53
198,Very Good,G,SI2,61.2,58.0,11971,7.84,7.94,4.83
199,Very Good,H,VVS2,59.7,60.0,9735,7.19,7.21,4.3
200,,F,VS1,61.9,55.0,2751,5.76,5.71,3.55
201,,J,VS2,60.0,61.0,504,4.49,4.45,2.68
202,Very Good,G,VS2,63.6,57.0,12873,7.22,7.19,4.58
203,Good,F,VVS1,60.7,62.0,1080,4.71,4.72,2.86
204,Ideal,G,VVS2,61.1,57.0,684,4.32,4.35,2.65
205,Ideal,E,SI1,61.2,55.0,6131,6.47,6.5,3.97
206,Very Good,G,IF,59.9,56.0,9053,6.74,6.81,4.06
207,Ideal,F,SI2,62.1,56.0,5020,7.21,7.15,4.46
208,Very Good,F,SI2,60.5,58.0,478,4.54,4.59,2.76
209,Ideal,I,SI1,62.0,55.0,4958,6.57,6.6,4.08
210,Premium,H,VS1,59.3,60.0,1577,5.27,5.22,3.11
211,Premium,G,IF,61.5,60.0,956,4.33,4.29,2.65
240,Premium,E,SI1,60.0,60.0,4863,6.45,6.38,3.85
241,Premium,G,VS1,59.6,60.0,17191,7.91,7.77,4.67
242,Premium,G,SI2,,58.0,4327,6.42,,3.96
243,Ideal,I,SI1,61.7,57.0,2441,5.93,5.99,3.68
244,Very Good,H,SI2,61.0,55.0,475,4.59,4.62,2.81
245,Very Good,E,SI1,59.3,59.0,2590,5.83,5.87,3.47
246,Premium,E,VS2,62.5,59.0,3078,5.7,5.72,3.57
247,Premium,H,VS1,60.8,60.0,5580,6.6,6.53,3.99
248,,G,IF,61.3,59.0,987,4.41,4.33,2.68
249,Fair,E,SI1,69.6,55.0,4853,6.0,5.92,4.15
250,Very Good,G,SI1,59.9,63.0,1197,5.07,5.11,3.05
713,,D,SI1,63.1,55.0,732,4.34,4.31,2.73
714,Ideal,F,VS2,62.5,56.0,828,4.38,4.36,2.73
715,Ideal,F,VVS2,61.7,55.0,987,4.69,4.74,2.91
716,Premium,F,VS1,61.4,59.0,1838,5.14,5.09,3.14
717,Ideal,G,IF,62.0,56.0,939,4.38,4.46,2.74
718,Ideal,D,VVS1,,54.0,2906,5.17,,3.24
719,Ideal,G,VVS2,62.1,56.0,936,4.38,4.35,2.71
720,Premium,G,SI1,59.3,60.0,14918,8.19,8.13,4.84
721,Ideal,G,VVS2,62.4,57.0,15197,7.36,7.31,4.58
722,Very Good,G,VS1,60.6,56.0,585,4.36,4.38,2.65
723,Ideal,G,VVS1,62.3,53.0,815,4.42,4.44,2.76
724,Very Good,G,VS2,60.2,59.0,4503,6.22,6.28,3.76
725,Premium,F,SI2,60.5,57.0,2340,5.99,5.94,3.61
726,Premium,E,SI2,61.1,59.0,5032,6.65,6.6,4.05
727,Very Good,G,VVS2,62.1,57.0,431,3.91,3.91,2.43
728,Ideal,E,SI1,61.8,55.0,1586,5.2,5.25,3.23
729,Good,D,SI1,63.8,56.0,589,4.33,4.35,2.77
730,Ideal,G,VS2,61.2,57.0,1833,5.3,5.29,3.24
731,Ideal,E,SI2,62.9,57.0,4799,6.44,6.37,4.03
732,Premium,H,SI1,61.9,58.0,576,4.38,4.35,2.7
733,Fair,I,SI2,64.5,60.0,12591,7.93,7.82,5.08
734,Ideal,G,SI2,61.1,57.0,4586,6.63,6.69,4.07
735,Very Good,G,SI1,62.9,59.0,6733,6.84,6.89,4.32
736,Ideal,H,VS1,,56.0,464,4.16,,2.59
737,Ideal,G,VS1,,57.0,4479,6.17,,3.84
738,Premium,I,SI1,62.1,52.0,1922,5.7,5.67,3.53
739,,E,SI2,61.0,59.0,4486,6.59,6.6,4.02
740,Good,D,SI1,63.8,57.0,709,4.29,4.27,2.73
741,Ideal,E,VS2,61.7,55.0,1814,5.21,5.17,3.2
922,Ideal,D,VVS2,63.1,56.0,2421,5.34,5.27,3.35
923,,H,VVS1,60.9,56.0,1310,4.89,4.9,2.98
924,Ideal,G,SI1,61.9,55.0,450,4.39,4.43,2.73
925,Ideal,G,VS2,61.7,56.0,1426,5.13,5.18,3.18
926,Fair,F,VS1,58.8,62.0,17996,8.18,7.98,4.75
927,Ideal,H,VS2,61.3,56.0,1375,5.14,5.2,3.17
928,Ideal,H,VS1,61.4,54.0,526,4.33,4.37,2.67
929,Ideal,G,SI2,61.7,57.0,18259,8.13,8.1,5.01
930,Ideal,E,SI2,62.3,56.0,2560,5.66,5.64,3.52
931,Ideal,F,IF,60.7,57.0,930,4.41,4.45,2.69
932,Ideal,H,IF,61.1,57.0,468,4.12,4.16,2.53
933,Good,G,SI2,63.3,59.0,3162,6.08,6.12,3.86
934,Ideal,F,VS1,61.5,55.0,754,4.35,4.33,2.67
935,Ideal,G,SI1,61.8,55.0,3088,5.78,5.8,3.58
936,Good,G,VS2,60.2,65.0,5050,6.54,6.48,3.92
937,Ideal,F,VS2,61.0,56.0,804,4.47,4.52,2.74
938,Premium,G,SI2,58.9,62.0,10091,7.79,7.72,4.57
939,Very Good,H,SI1,62.4,58.0,6625,6.93,6.83,4.29
940,Very Good,J,VS2,,57.0,1997,5.64,,3.57
941,Ideal,F,VVS2,61.2,57.0,2202,5.31,5.35,3.26
942,Good,F,SI2,63.5,60.0,3801,6.28,6.32,4.0
943,,H,IF,62.9,54.0,1243,4.73,4.72,2.97
944,Ideal,D,SI2,61.6,56.0,650,4.7,4.71,2.9
945,Ideal,H,SI2,61.0,56.4,9452,7.42,7.44,4.53
946,Ideal,G,VVS1,61.3,55.0,863,4.53,4.57,2.79
947,Ideal,I,VS1,61.6,53.0,753,4.82,4.85,2.98
948,Premium,F,SI2,59.2,60.0,2383,5.95,5.91,3.51
949,Ideal,G,VS2,62.4,55.0,742,4.48,4.4,2.77
950,Premium,F,VVS1,60.1,59.0,1263,4.75,4.76,2.86
951,Ideal,E,SI1,61.2,56.0,4591,6.44,6.51,3.96
952,Premium,D,SI1,62.2,58.0,733,4.57,4.63,2.86
953,Good,H,VS1,63.5,56.0,4298,6.1,6.19,3.9
954,,H,VS2,62.4,56.0,4043,6.15,6.18,3.85
955,Premium,H,SI1,60.7,59.0,1915,5.92,5.87,3.58
956,Ideal,G,VS2,60.7,57.0,6683,6.76,6.68,4.08
957,Very Good,G,SI2,59.0,58.0,15938,8.3,8.38,4.92
958,Premium,J,I1,61.7,59.0,2195,6.32,6.26,3.88
959,Premium,E,VS2,62.8,58.0,6400,6.37,6.3,3.98
960,Good,F,SI1,59.7,64.0,2336,5.71,5.74,3.42
961,Premium,G,SI1,60.0,60.0,665,4.64,4.72,2.81
962,,H,VS1,63.2,55.0,429,4.16,4.2,2.64
963,,H,VS2,61.2,56.0,3996,5.91,5.96,3.63
964,Premium,G,SI1,60.1,60.0,5280,6.73,6.69,4.03
965,,J,VS1,62.6,58.0,507,4.31,4.29,2.69
966,Ideal,H,SI2,61.9,54.0,1019,5.21,5.23,3.23
967,Ideal,D,SI1,61.5,57.0,524,4.3,4.32,2.65
968,Ideal,H,IF,61.2,56.0,2136,5.33,5.36,3.27
969,Premium,F,VS1,60.3,59.0,983,4.76,4.76,2.87
970,Ideal,E,VVS1,61.3,54.0,12725,6.68,6.72,4.11
971,Very Good,E,VVS2,,60.0,608,4.3,,2.54
972,Ideal,F,VS2,62.9,57.0,828,4.36,4.32,2.73
973,Ideal,H,SI1,64.3,59.0,5411,6.65,6.6,4.26
974,Premium,G,IF,61.6,58.0,1400,4.76,4.79,2.94
975,Ideal,E,SI1,,55.0,1546,5.18,,3.15
976,Premium,E,VS2,60.1,58.0,15025,7.56,7.52,4.53
977,Good,I,SI2,63.5,57.0,1610,5.77,5.67,3.63
978,Very Good,F,VVS1,61.9,59.0,1111,4.71,4.75,2.93
979,Ideal,F,VS2,62.2,57.0,5929,6.34,6.37,3.95
980,Premium,G,VS2,62.8,59.0,8402,6.84,6.76,4.27
981,,D,SI2,60.6,60.0,13485,7.78,7.74,4.7
982,Premium,H,SI1,59.1,59.0,3709,6.34,6.32,3.74
983,Premium,G,SI1,60.4,58.0,969,4.9,4.87,2.95
984,Very Good,E,VS2,62.7,59.0,6956,6.36,6.36,3.99
985,Ideal,F,SI2,61.3,54.0,1080,5.1,5.17,3.15
986,Premium,H,VS1,61.4,57.0,1577,5.26,5.16,3.2
987,Good,E,SI2,57.7,59.0,3753,6.66,6.52,3.8
988,Ideal,E,VS1,62.3,55.0,964,4.76,4.78,2.97
989,Ideal,H,I1,61.2,56.0,3602,6.7,6.77,4.12
990,Ideal,D,VS1,61.6,57.0,10709,6.53,6.56,4.03
991,Premium,G,SI1,62.8,58.0,861,4.74,4.72,2.97
992,Very Good,E,SI1,62.2,61.0,5217,6.37,6.4,3.97
993,Premium,J,SI2,62.7,57.0,6890,7.36,7.32,4.6
994,Fair,I,I1,66.8,55.0,6147,7.61,7.6,5.08
995,Very Good,G,VS2,61.9,58.0,580,4.41,4.47,2.75
996,Ideal,G,SI1,62.1,56.0,10896,7.69,7.78,4.8
997,Ideal,E,VVS1,60.9,57.0,945,4.54,4.55,2.77
998,Ideal,I,SI1,61.6,54.0,1000,5.19,5.2,3.2
999,Good,F,VVS2,64.8,57.0,491,4.13,4.17,2.69
1000,Very Good,G,VVS2,62.2,57.0,5183,6.19,6.28,3.88
1001,Good,J,I1,63.7,62.0,6521,7.97,7.8,5.02
1063,Ideal,E,VS2,62.0,56.0,1677,5.1,5.06,3.15
1064,Premium,F,VS1,61.8,59.0,2791,5.74,5.68,3.53
1065,Very Good,D,VS2,63.7,54.0,910,4.74,4.8,3.04
1066,Ideal,D,VS2,61.6,56.0,10350,6.64,6.68,4.1
1067,Premium,H,SI1,62.8,58.0,1822,5.66,5.62,3.54
1068,Very Good,D,VS1,60.2,61.0,727,4.49,4.51,2.71
1069,Premium,E,SI1,62.5,60.0,2310,5.71,5.62,3.54
1070,Ideal,E,VS2,61.9,56.0,1739,5.16,5.21,3.21
1071,Ideal,G,SI1,61.8,57.0,4871,6.16,6.2,3.82
1072,Very Good,E,SI2,61.6,58.0,5304,6.55,6.56,4.04
1073,Very Good,F,VS2,63.3,56.0,401,3.85,3.89,2.45
1074,Premium,H,VS2,62.7,60.0,537,4.41,4.46,2.78
1075,Ideal,E,VVS1,61.6,56.0,1062,4.43,4.37,2.71
1076,Very Good,E,VVS2,59.4,60.0,505,3.99,4.09,2.4
1077,Good,F,I1,63.9,59.0,3864,7.28,7.18,4.62
1078,,H,SI1,61.2,55.0,1245,5.23,5.26,3.21
1079,Very Good,I,VS1,62.8,54.5,6653,6.75,6.78,4.25
1080,Ideal,E,VS2,62.0,56.0,900,4.42,4.39,2.73
1081,Ideal,F,IF,61.2,57.0,914,4.36,4.4,2.68
1082,Good,D,SI1,64.1,56.0,5641,6.24,6.31,4.02
1083,Premium,D,SI2,59.8,59.0,17128,8.41,8.35,5.01
1084,Very Good,H,VS1,64.1,57.0,11804,7.29,7.34,4.69
1085,Premium,G,VVS1,59.1,59.0,8867,6.9,6.8,4.05
1086,Good,E,SI2,63.6,57.0,4072,6.74,6.72,4.28
1254,Premium,D,SI1,59.3,57.0,5817,6.73,6.65,3.97
1255,Ideal,J,VS2,62.0,56.0,2708,5.93,5.98,3.69
1256,Very Good,H,SI1,62.6,61.0,17952,8.03,8.07,5.04
1257,Premium,G,VVS2,61.3,61.0,6470,6.47,6.32,3.92
1258,Ideal,G,VVS1,61.5,56.0,1207,4.85,4.87,2.99
1259,Ideal,E,VS1,61.5,56.0,2503,5.49,5.54,3.39
1260,Very Good,E,SI2,61.8,59.0,4780,6.29,6.33,3.9
1261,Premium,F,VS1,61.7,58.0,7506,6.44,6.4,3.96
1262,Premium,G,SI2,62.4,58.0,2456,5.96,5.97,3.72
1263,,H,VVS2,61.3,55.0,610,4.38,4.4,2.69
1264,Premium,H,SI2,61.5,54.0,5739,6.95,6.86,4.25
1265,Premium,G,VS2,59.4,59.0,847,4.83,4.9,2.89
1266,Ideal,H,VS1,62.7,55.0,2222,5.59,5.57,3.5
1267,,E,VVS2,61.1,58.0,2515,5.38,5.43,3.3
1268,Good,F,VS1,64.1,54.0,3164,5.85,5.82,3.74
1269,,F,VVS1,61.0,56.0,1356,4.82,4.79,2.93
1270,,H,VVS2,66.1,58.0,1214,4.87,4.9,3.23
1271,,I,VS1,62.9,43.0,4997,6.44,6.41,4.04
1272,Ideal,E,VVS2,63.0,55.0,12036,6.83,6.78,4.29
1273,,J,SI1,61.7,56.0,1958,5.91,5.82,3.62
1274,Very Good,H,VVS2,62.6,56.0,6250,6.35,6.4,3.99
1275,Ideal,F,SI2,62.5,57.0,5798,6.34,6.42,3.99
1276,Very Good,G,VS2,61.0,57.0,559,4.37,4.39,2.67
1277,,E,VS2,61.0,58.0,5055,6.29,6.2,3.81
1389,Ideal,H,VS2,62.3,56.0,1313,5.19,5.18,3.23
1390,Very Good,G,VS2,60.4,57.0,767,4.66,4.71,2.83
1391,Ideal,H,SI1,62.4,57.0,2720,6.04,5.98,3.75
1392,Ideal,I,SI1,62.4,58.0,9209,7.42,7.49,4.65
1393,Premium,D,SI1,,56.0,4304,6.15,,3.85
1394,Premium,D,SI1,60.3,58.0,780,4.48,4.47,2.7
1395,Very Good,E,SI2,,59.0,667,4.66,,2.94
1396,Ideal,I,SI1,61.1,56.0,2769,5.82,5.86,3.57
1397,Premium,F,VS1,61.7,59.0,10976,6.96,6.98,4.3
1398,,F,SI1,61.6,56.0,766,4.69,4.72,2.9
1399,Very Good,G,SI2,58.3,63.0,1965,5.81,5.79,3.38
1400,Very Good,E,SI1,61.9,57.0,2562,5.74,5.77,3.56
1401,Premium,H,SI2,60.2,59.0,5937,7.44,7.35,4.45
1402,Ideal,F,VS2,61.8,56.0,863,4.75,4.76,2.94
1403,Premium,I,SI2,61.7,58.0,4555,6.76,6.78,4.18
1404,Ideal,D,SI2,61.9,57.0,2671,5.73,5.78,3.56
1405,Premium,E,SI1,58.7,60.0,651,4.48,4.44,2.62
1406,Very Good,F,VS2,61.5,58.4,667,4.35,4.4,2.69
1407,Premium,G,VVS1,61.8,58.0,790,4.27,4.28,2.64
1408,Very Good,G,VS1,62.9,54.0,645,4.38,4.39,2.76
1409,,H,VS2,61.4,56.0,1627,5.11,5.15,3.15
1436,Ideal,H,VS1,60.9,56.0,3185,5.75,5.77,3.51
1437,Good,F,SI1,63.6,57.0,925,4.77,4.7,3.01
1438,Ideal,G,VS2,62.1,57.0,765,4.48,4.47,2.78
1439,Ideal,H,VS2,61.8,55.0,11379,7.39,7.43,4.58
1440,Premium,F,VVS2,59.3,59.0,9377,6.77,6.82,4.03
1441,,F,VS2,62.1,55.0,776,4.31,4.26,2.66
1442,Very Good,E,SI1,62.6,61.0,4315,6.06,6.11,3.81
1443,Premium,F,SI2,59.6,61.0,1661,5.78,5.67,3.41
1444,Ideal,E,VVS2,62.0,54.0,791,4.37,4.4,2.72
1445,Ideal,G,VVS1,62.3,56.0,1966,5.08,5.13,3.18
1446,Fair,D,VS1,66.0,54.0,3048,5.56,5.66,3.7
1447,Good,I,SI2,60.2,59.0,3035,6.25,6.27,3.77
1448,Ideal,G,IF,62.0,55.6,11400,6.94,6.97,4.31
1449,Good,H,SI1,57.1,61.0,4093,6.57,6.66,3.78
1450,Ideal,G,VVS2,62.4,56.0,982,4.64,4.68,2.91
1451,Premium,H,VS1,58.2,62.0,11161,8.0,7.84,4.61
1452,,J,VVS2,61.8,55.0,525,4.6,4.63,2.85
1453,Ideal,F,SI1,60.8,56.0,8770,7.44,7.36,4.5
1454,Fair,E,SI1,65.2,61.0,4480,6.25,6.24,4.07
1455,Ideal,F,SI1,62.3,54.0,454,4.22,4.22,2.63
1456,Very Good,F,VS2,61.8,58.0,2813,5.62,5.68,3.49
1457,Good,H,SI2,63.2,60.0,3991,6.26,6.33,3.98
1458,Ideal,D,VS1,63.0,57.0,989,4.51,4.48,2.83
1459,Premium,H,VS2,61.8,56.0,4082,6.24,6.18,3.84
1460,Ideal,G,SI1,62.4,57.0,2800,5.98,6.08,3.76
1461,Ideal,I,SI1,61.6,57.0,9926,7.41,7.32,4.54
1462,Premium,H,IF,61.1,58.0,1045,4.38,4.33,2.66
1573,Fair,G,VS2,57.4,63.0,2272,5.77,5.84,3.33
1574,Good,H,VS2,64.0,59.0,2330,5.6,5.62,3.59
1575,,F,VS1,63.6,56.0,732,4.3,4.25,2.72
1576,Ideal,E,VVS2,62.3,56.0,8981,6.51,6.52,4.06
1577,Ideal,J,SI1,62.4,57.0,550,4.7,4.73,2.94
1578,Ideal,E,SI1,62.8,56.0,4229,6.24,6.19,3.9
1579,Good,G,SI1,63.7,55.0,1312,5.06,5.02,3.21
1580,Premium,G,VS1,62.9,57.0,2535,5.67,5.61,3.55
1581,Premium,I,VS2,60.8,59.0,2268,5.7,5.68,3.46
1582,Ideal,G,VS1,61.9,54.0,776,4.32,4.28,2.66
1583,,F,SI1,63.7,57.0,2885,5.95,6.01,3.81
1584,Very Good,G,VS1,59.7,63.0,6570,6.74,6.66,4.0
1585,Ideal,D,VVS2,62.5,53.0,2475,5.05,5.13,3.18
1586,Good,I,SI2,63.9,57.0,2956,6.12,6.22,3.94
1587,Premium,D,VS2,61.0,58.0,910,4.33,4.33,2.64
1588,Fair,I,SI1,64.6,62.0,7950,7.27,7.22,4.68
1589,Very Good,D,VS2,63.5,56.0,1827,5.16,5.08,3.25
1590,Ideal,H,SI1,62.0,57.0,5063,6.52,6.47,4.03
1591,Very Good,H,SI2,62.1,58.0,5179,6.67,6.7,4.15
1592,Very Good,E,VS2,62.9,57.0,470,4.13,4.17,2.61
1593,Ideal,G,SI2,62.3,55.0,12700,7.9,7.93,4.93
1594,,J,VS1,61.4,59.0,8662,7.37,7.39,4.53
1595,Premium,F,SI2,62.3,54.0,1094,5.14,5.07,3.18
1596,Ideal,E,VVS2,62.9,58.0,554,4.01,4.06,2.54
1597,,F,SI1,61.2,59.0,600,4.56,4.63,2.81
1598,,E,VS2,61.5,56.0,1040,4.63,4.57,2.83
1599,Premium,G,SI2,60.7,60.0,4319,6.63,6.61,4.02
1600,Premium,H,SI1,61.3,59.0,17849,8.17,8.09,4.98
1601,Ideal,H,VVS1,61.6,57.0,1837,5.11,5.15,3.16
1602,Premium,G,SI2,62.5,56.0,2398,5.8,5.75,3.61
1603,Ideal,I,VS1,61.4,58.0,7042,6.89,6.93,4.24
1604,Ideal,G,VVS2,61.7,55.0,2339,5.22,5.22,3.22
1605,Premium,E,VVS1,61.4,59.0,1332,4.67,4.74,2.89
1606,,F,VVS1,59.7,60.0,10547,6.63,6.57,3.94
1607,Ideal,H,VVS1,62.8,54.0,707,4.32,4.38,2.73
1608,Very Good,H,VS1,60.3,61.0,5845,6.65,6.69,4.02
1609,,D,VS2,59.7,60.0,7281,6.45,6.51,3.87
1610,,D,SI1,62.0,55.0,1776,5.36,5.44,3.35
1611,Ideal,H,VS2,62.2,55.0,7130,6.8,6.86,4.25
1612,,F,SI1,62.8,56.0,566,4.43,4.46,2.79
1613,Very Good,H,SI2,63.6,55.0,1799,5.66,5.6,3.58
1614,Good,F,VS1,59.2,62.0,1712,5.34,5.43,3.19
1615,Very Good,E,SI1,,57.0,2614,5.82,,3.65
1616,Very Good,J,SI1,61.6,57.0,8057,7.46,7.53,4.62
1617,Very Good,H,VVS2,60.9,61.0,605,4.31,4.33,2.63
1618,Good,H,VVS2,63.8,52.0,6195,6.4,6.35,4.07
1619,Ideal,H,SI2,62.0,57.0,7272,7.69,7.63,4.75
1620,Very Good,E,SI1,63.0,57.0,2754,5.79,5.83,3.66
1621,,I,VS2,61.8,55.0,717,4.86,4.88,3.01
1622,Very Good,G,VVS2,61.7,58.0,1784,5.08,5.07,3.13
1623,Ideal,E,VVS1,62.0,56.0,599,4.09,4.14,2.55
1624,Ideal,G,IF,62.4,55.0,799,4.31,4.31,2.69
1625,Ideal,I,VS2,,57.0,3298,5.69,,3.53
1626,Ideal,H,SI2,62.3,55.0,540,4.75,4.76,2.96
1627,Very Good,E,VVS1,61.9,59.0,539,4.1,4.14,2.55
1628,Good,I,SI1,62.3,61.0,15371,7.93,7.99,4.96
1629,Ideal,J,SI1,60.4,56.0,1927,5.71,5.75,3.46
1630,Premium,E,VS1,62.9,61.0,7963,6.4,6.32,4.0
1631,Premium,G,VVS2,61.1,58.0,8026,6.84,6.77,4.16
1632,Ideal,G,VVS2,61.7,56.0,2096,5.31,5.32,3.28
1633,Ideal,G,IF,62.2,57.0,979,4.52,4.55,2.82
1634,Ideal,D,VS2,62.7,56.0,781,4.42,4.45,2.78
1635,Ideal,D,VS1,62.6,56.0,2292,5.26,5.28,3.3
1636,Good,I,VVS2,59.1,51.0,1882,5.73,5.78,3.4
1637,Premium,F,SI2,61.1,58.0,6038,6.92,6.86,4.21
1638,Ideal,G,VS1,62.3,54.0,438,4.04,4.11,2.54
1639,Premium,E,VS2,60.1,59.0,6343,6.52,6.59,3.94
1640,Ideal,H,SI1,62.1,56.0,5102,6.63,6.6,4.11
1641,Premium,E,SI2,61.1,58.0,2868,5.96,5.89,3.62
1642,Ideal,I,IF,62.1,55.0,1178,5.0,5.01,3.11
1643,Premium,F,VS2,62.3,59.0,803,4.34,4.3,2.69
1644,Fair,H,SI2,64.9,60.0,4915,6.54,6.59,4.26
1645,Ideal,E,SI1,62.3,56.0,1580,5.26,5.3,3.29
1646,Ideal,I,VVS1,62.8,55.0,945,4.78,4.78,3.0
1647,Premium,E,VS2,62.8,59.0,1024,4.79,4.76,3.0
1648,Ideal,G,SI1,62.1,56.0,11651,7.51,7.47,4.65
1649,Ideal,D,VVS2,61.6,56.0,4222,5.68,5.78,3.53
1650,Good,E,SI1,63.2,57.0,2495,5.67,5.73,3.6
1651,,G,SI1,62.6,59.0,718,4.73,4.76,2.97
1652,Premium,D,SI2,62.4,58.0,2519,5.72,5.69,3.56
1653,Ideal,D,SI2,62.6,56.0,2486,5.68,5.73,3.57
1654,Ideal,H,SI2,59.2,57.0,4435,6.7,6.65,3.95
1655,Premium,I,VS1,62.8,56.0,1041,4.88,4.83,3.05
1656,Ideal,F,SI1,62.3,54.0,1423,5.36,5.42,3.36
1657,,G,SI2,62.0,59.0,6603,7.09,7.04,4.38
1658,Premium,D,VS2,62.3,60.0,367,3.74,3.67,2.31
1659,Ideal,I,VS1,62.1,57.0,457,4.25,4.28,2.65
1660,Premium,J,VS1,61.0,60.0,15319,8.67,8.6,5.27
1661,Very Good,F,VS2,63.3,59.8,3283,5.78,5.84,3.68
1662,,F,SI1,61.9,55.0,885,4.68,4.72,2.91
1663,Ideal,I,SI1,62.0,55.0,11040,7.39,7.42,4.59
1664,Very Good,G,VVS1,60.0,59.0,415,4.01,4.02,2.41
1665,Premium,G,VS2,,60.0,648,4.6,,2.83
1666,Ideal,G,VVS2,62.5,56.0,1914,5.2,5.17,3.24
1667,Good,G,I1,63.7,56.0,467,4.72,4.73,3.01
1668,Ideal,F,VS2,61.7,55.0,726,4.52,4.56,2.8
1669,Ideal,J,VS1,,54.0,987,5.15,,3.18
1670,Good,E,VS2,63.6,56.0,2314,5.59,5.63,3.57
1671,Ideal,D,SI1,62.1,56.0,553,4.28,4.29,2.66
1672,Premium,H,VVS2,63.0,60.0,12012,7.29,7.25,4.58
1673,Very Good,E,SI1,62.2,59.0,1380,5.14,5.21,3.22
1674,Very Good,G,VS2,61.8,56.0,2647,5.68,5.74,3.53
1675,Premium,G,VS1,61.0,58.0,984,4.84,4.8,2.94
1676,Ideal,F,VVS2,61.1,56.0,2202,5.2,5.18,3.17
1677,,F,SI2,59.6,57.0,3709,6.61,6.65,3.95
1678,Ideal,G,VS1,61.9,58.0,9625,6.76,6.8,4.2
1679,Very Good,G,VVS2,63.3,57.0,878,4.28,4.22,2.69
1680,Ideal,E,VS1,63.1,54.0,2192,5.32,5.3,3.35
1681,Good,F,VS2,63.9,62.0,6353,6.26,6.32,4.02
1682,Fair,F,I1,67.8,59.0,3735,7.1,7.0,4.78
1683,Good,G,I1,63.1,54.8,5987,7.19,7.21,4.54
1684,Ideal,I,VVS2,62.1,56.0,10481,7.39,7.43,4.6
1685,Very Good,G,VS1,61.5,57.0,5135,6.19,6.24,3.82
1686,Very Good,H,VS2,62.5,61.0,11722,7.28,7.37,4.58
1687,Ideal,G,IF,61.2,56.0,1318,4.86,4.91,2.99
1688,Premium,G,IF,60.5,60.0,10508,6.94,6.91,4.19
1689,Premium,G,VVS2,62.5,56.0,1024,4.53,4.46,2.81
1690,Very Good,G,VS1,62.8,57.0,15014,7.57,7.72,4.8
1691,Ideal,E,SI2,60.9,57.0,3864,6.66,6.6,4.04
1692,Ideal,E,VS2,62.4,55.0,15488,7.42,7.32,4.6
1693,Ideal,H,VVS2,61.9,54.0,911,4.7,4.73,2.92
1694,Premium,J,SI2,58.3,61.0,17209,9.04,8.93,5.24
1695,Very Good,F,VVS2,62.6,63.0,7715,6.4,6.38,4.0
1696,Ideal,E,VVS2,61.8,54.9,4094,5.77,5.79,3.57
1697,Ideal,H,VVS1,,55.0,942,4.42,,2.68
1698,Premium,F,VS1,62.5,60.0,1007,4.71,4.76,2.96
1699,Very Good,F,SI1,,60.0,5667,6.65,,4.03
1700,Ideal,D,SI1,60.5,56.0,5775,6.5,6.56,3.95
1701,Very Good,E,VS2,62.7,60.0,6128,6.32,6.38,3.98
1702,Ideal,G,VS1,62.1,58.0,8060,6.58,6.63,4.1
1703,Good,H,SI1,61.7,61.0,9218,7.26,7.33,4.5
1704,Very Good,H,VVS1,63.3,55.0,1980,5.27,5.32,3.35
1705,Ideal,F,VS2,59.1,56.0,1620,5.22,5.2,3.08
1706,,E,VS2,60.4,60.0,1699,5.14,5.09,3.09
1707,,G,VVS1,61.8,55.0,1114,4.45,4.42,2.74
1708,Ideal,D,VVS1,62.0,54.0,924,4.41,4.43,2.74
1709,Premium,G,SI2,61.8,58.0,9039,7.9,7.85,4.87
1710,Ideal,E,VVS2,61.2,57.0,2362,5.24,5.29,3.22
1711,Ideal,F,VVS2,62.2,56.0,1141,4.79,4.82,2.99
1712,Premium,G,SI2,61.4,58.0,16806,8.4,8.34,5.14
1713,Ideal,D,VVS2,62.1,57.0,530,3.91,3.98,2.45
1714,Premium,I,VS2,62.5,58.0,9658,7.7,7.64,4.79
1715,,G,VS1,60.8,58.0,3342,5.81,5.87,3.55
1716,Ideal,G,SI2,61.5,57.0,5019,6.75,6.69,4.13
1717,Very Good,F,VS2,62.2,60.0,3472,5.86,5.91,3.66
1718,,E,VS2,59.6,57.0,2115,5.57,5.53,3.31
1719,Ideal,G,SI1,61.3,55.0,571,4.62,4.64,2.84
1720,Ideal,H,VVS2,,54.0,590,4.34,,2.69
1721,Premium,J,SI1,61.9,59.0,465,4.32,4.27,2.66
1722,Premium,H,SI1,60.5,60.0,573,4.4,4.33,2.64
1723,Premium,H,SI2,60.7,59.0,3734,6.51,6.47,3.94
1724,Ideal,F,SI2,,56.0,10396,7.44,,4.58
1725,,E,SI1,60.5,56.0,1668,5.35,5.29,3.22
1726,Premium,H,SI1,59.2,58.0,919,4.95,4.92,2.92
1727,Ideal,G,SI1,61.2,56.0,475,4.46,4.49,2.74
1728,Ideal,D,IF,60.7,58.0,4161,5.45,5.49,3.32
1729,Very Good,E,VVS1,60.7,59.0,620,4.18,4.22,2.55
1730,Premium,H,SI2,58.1,60.0,6458,7.6,7.58,4.41
1731,Ideal,J,VS2,,55.0,2742,6.02,,3.75
1732,Premium,G,SI2,62.3,58.0,4755,6.65,6.61,4.13
1733,Ideal,I,SI1,59.7,56.0,3668,6.6,6.53,3.92
1734,Ideal,G,IF,61.2,57.0,918,4.41,4.42,2.7
1735,Very Good,F,SI2,63.1,56.0,541,4.38,4.34,2.75
1736,Very Good,E,SI1,62.9,58.0,545,4.29,4.33,2.71
1737,Very Good,D,VS2,61.8,58.0,3075,5.72,5.77,3.55
1738,Ideal,I,VS1,63.1,54.0,2142,5.61,5.67,3.56
1739,Ideal,J,VS1,62.3,54.0,634,4.73,4.74,2.95
1740,Good,D,SI1,63.2,58.0,738,4.72,4.77,3.0
1741,Premium,E,VVS1,60.8,58.0,1362,4.72,4.69,2.86
1742,Ideal,E,VS2,60.9,56.0,790,4.59,4.64,2.81
1743,Good,G,SI1,61.8,61.0,4858,6.37,6.41,3.95
1744,Ideal,E,VVS2,61.6,57.0,1046,4.36,4.34,2.68
1745,,G,VVS2,61.9,58.0,2874,5.65,5.63,3.49
1746,,J,I1,65.4,60.0,16538,9.0,8.93,5.86
1747,Ideal,D,SI1,,56.0,1786,5.29,,3.21
1748,,G,SI2,60.7,57.0,2449,5.78,5.82,3.52
1749,Very Good,F,VS2,62.6,58.5,7272,6.51,6.58,4.1
1750,Good,G,VVS1,59.9,61.0,2899,5.75,5.81,3.46
1751,Premium,E,SI2,63.0,59.0,2273,5.69,5.64,3.57
1752,Very Good,E,VS2,62.8,58.0,1571,5.12,5.14,3.22
1753,Premium,F,VS1,62.5,59.0,998,4.62,4.56,2.87
1754,Very Good,G,VVS2,62.9,55.0,684,4.32,4.3,2.71
1755,,D,SI1,61.3,61.0,5881,6.53,6.39,3.96
1756,Very Good,F,SI1,61.2,58.0,1725,5.55,5.6,3.41
1757,Very Good,I,SI1,61.8,60.0,2296,5.91,5.96,3.67
1758,Premium,F,VS2,62.5,58.0,1053,4.64,4.61,2.89
1759,Ideal,G,IF,61.5,55.0,917,4.42,4.43,2.72
1760,Premium,H,SI1,62.7,58.0,7986,7.15,7.07,4.46
1761,Premium,G,VVS2,58.3,62.0,9187,6.91,6.89,4.02
1762,Fair,G,VS1,64.7,65.0,4455,6.31,6.2,4.05
1763,Good,E,SI1,61.6,61.0,2112,5.64,5.66,3.48
1764,Very Good,H,VS1,63.5,59.0,9974,7.6,7.52,4.8
1765,Good,H,VVS2,63.4,58.0,468,4.03,4.08,2.57
1766,Ideal,E,VS2,61.8,55.0,1813,5.23,5.19,3.22
1767,Ideal,D,VS2,61.3,57.0,910,4.36,4.32,2.66
1768,Very Good,G,SI2,64.2,60.0,3437,6.02,6.1,3.89
1769,Very Good,J,SI1,59.1,58.0,1931,5.86,5.91,3.48
1770,Premium,H,VS1,62.1,59.0,7222,6.91,6.84,4.27
1771,Very Good,D,VS1,63.0,58.0,3375,5.62,5.69,3.56
1772,Ideal,I,VS1,61.6,56.0,10576,7.37,7.43,4.56
2781,Premium,H,VS1,60.5,61.0,10930,7.59,7.51,4.57
2782,Ideal,D,VS1,60.1,57.0,912,4.39,4.39,2.64
2783,Ideal,F,VS2,62.7,57.0,1107,4.78,4.72,2.98
2784,Good,G,SI1,,57.0,4671,6.36,,4.05
2785,,G,SI1,64.8,59.0,2016,5.65,5.55,3.63
2786,Very Good,G,SI2,63.1,59.0,2451,5.85,5.79,3.67
2787,Ideal,G,VS2,61.2,56.0,13794,7.44,7.47,4.56
2788,Good,E,SI1,63.9,56.0,5647,6.34,6.37,4.06
2789,Very Good,H,SI1,60.2,58.0,6996,6.96,6.97,4.19
2790,Very Good,G,VS2,63.1,60.0,6108,6.36,6.32,4.0
2791,Ideal,H,VVS1,61.2,57.0,1813,5.24,5.22,3.2
3118,Premium,H,SI2,61.6,58.0,7316,7.22,7.16,4.43
3119,Ideal,D,SI1,,56.0,2312,5.5,,3.4
3120,,D,VS2,62.1,58.0,1677,5.1,5.14,3.18
3121,Ideal,D,SI1,62.8,55.0,779,4.45,4.41,2.78
3122,Good,F,SI1,58.1,61.0,1843,5.66,5.73,3.31
3123,Good,E,VVS1,60.7,65.0,457,3.95,3.96,2.4
3124,Good,I,VS2,64.3,58.0,2862,6.05,6.09,3.9
3125,Ideal,D,VS1,62.6,57.0,687,3.92,4.0,2.48
3126,,G,VVS2,61.9,56.0,665,4.29,4.34,2.67
3127,Premium,F,VVS1,62.4,60.0,959,4.32,4.27,2.68
3128,Premium,E,SI1,60.9,57.0,7274,6.86,6.8,4.16
3129,Ideal,E,VS2,61.6,55.0,9625,6.55,6.56,4.04
3130,Premium,F,SI2,62.5,60.0,4459,6.35,6.44,4.0
3131,,E,SI1,61.5,58.0,1396,5.2,5.24,3.21
3132,Premium,D,VS1,62.3,58.0,5980,6.34,6.27,3.93
3133,Very Good,D,SI1,62.5,57.0,525,4.25,4.3,2.67
3134,Good,F,VVS2,63.6,60.0,6932,6.32,6.35,4.03
3135,Premium,H,VS2,60.7,62.0,5461,6.83,6.78,4.13
3136,Ideal,F,IF,62.1,56.0,875,4.32,4.35,2.69
3137,Fair,J,VS2,58.2,56.0,1174,5.74,5.49,3.27
3138,Good,G,SI2,63.3,55.0,409,4.31,4.32,2.73
3139,Ideal,D,SI2,61.8,57.0,2557,5.76,5.82,3.58
3140,Ideal,F,VS2,61.8,55.0,666,4.43,4.47,2.75
3141,Ideal,F,VS2,61.8,57.0,1692,5.24,5.28,3.25
3142,,D,SI1,64.6,64.0,9704,7.19,7.14,4.63
3143,Premium,G,SI2,58.8,60.0,1186,5.34,5.27,3.12
3144,Ideal,J,SI2,61.8,55.0,11337,8.23,8.2,5.08
3145,Ideal,D,VVS2,60.3,57.0,1059,4.78,4.71,2.86
3146,Premium,H,VVS1,61.4,58.0,936,4.41,4.38,2.7
3147,Very Good,G,VS1,59.3,59.0,12917,7.49,7.54,4.46
3148,Premium,D,VS2,61.1,60.0,7683,6.61,6.64,4.05
3149,Premium,H,SI1,59.7,60.0,13986,8.06,8.01,4.8
3150,Very Good,F,SI1,61.6,58.0,583,4.52,4.54,2.79
3151,Ideal,D,VVS1,62.3,54.0,3967,5.43,5.49,3.4
3152,Ideal,H,VS1,61.6,56.0,698,4.37,4.33,2.68
3153,,F,VVS2,60.2,57.0,2322,5.38,5.41,3.25
3154,Ideal,I,VS1,61.8,56.0,2965,5.68,5.72,3.52
3155,Ideal,D,VS1,62.2,56.0,4408,5.83,5.9,3.65
3156,Premium,G,VVS1,61.6,59.0,809,4.42,4.45,2.73
3157,,E,VS2,61.6,58.0,1041,4.67,4.58,2.85
3158,Good,F,SI1,59.5,58.0,14149,7.36,7.43,4.4
3159,Good,D,VS1,59.2,56.0,3525,5.84,5.84,3.46
3160,Premium,I,SI1,62.8,58.0,554,4.4,4.32,2.74
3161,Very Good,H,VS2,58.0,62.0,5524,6.73,6.75,3.91
3162,Ideal,E,VS2,61.8,53.0,8698,6.69,6.7,4.14
3163,Very Good,G,I1,63.2,58.0,2988,6.44,6.34,4.04
3164,Ideal,E,VS2,62.1,56.0,1640,5.25,5.25,3.26
3165,Ideal,F,VVS2,61.5,57.0,896,4.59,4.61,2.83
3166,Premium,H,SI2,62.3,59.0,3998,6.43,6.38,3.99
3167,Premium,F,VS1,,59.0,16782,7.41,,4.45
3168,Ideal,I,SI1,60.4,59.0,439,4.34,4.34,2.62
3169,Ideal,D,VS1,61.4,56.0,1395,4.84,4.86,2.98
3170,,D,SI1,61.4,56.0,572,4.34,4.36,2.67
3171,Ideal,G,VS1,61.8,56.0,442,3.99,4.03,2.48
3625,Ideal,D,VS2,61.8,54.0,758,4.38,4.42,2.72
3626,Premium,H,SI1,62.1,59.0,18254,8.82,8.74,5.45
3627,Very Good,E,VVS2,62.5,57.0,2101,5.25,5.24,3.28
3628,Ideal,F,IF,61.6,56.0,900,4.35,4.38,2.69
3629,Ideal,F,VS2,60.7,56.1,1227,5.02,5.1,3.07
3630,Very Good,H,SI1,63.5,59.0,3710,6.11,6.08,3.87
3631,,D,VS2,60.5,58.0,1956,5.26,5.22,3.17
3632,Ideal,F,SI1,61.2,56.0,870,4.78,4.83,2.94
3633,Premium,D,VS2,,58.0,830,4.55,,2.82
3634,Premium,G,SI1,60.9,58.0,4632,6.44,6.49,3.94
3635,Premium,E,SI1,62.9,58.0,4158,6.16,6.12,3.86
3636,,H,VS1,62.1,59.0,10457,7.62,7.56,4.71
3637,Ideal,F,SI2,61.7,55.0,1183,5.26,5.27,3.25
3638,,G,VS1,63.8,57.0,6883,6.38,6.34,4.06
3639,Ideal,I,VVS1,61.1,56.0,8501,7.08,7.07,4.32
3640,Very Good,D,SI1,61.7,58.0,5932,6.71,6.75,4.15
3641,Ideal,H,VVS1,62.4,56.0,707,4.32,4.36,2.71
3642,Ideal,E,VS2,60.2,57.0,723,4.51,4.56,2.73
3643,,D,SI1,62.7,57.0,1594,5.09,5.05,3.18
3644,Premium,H,SI1,62.3,58.0,5090,6.45,6.4,4.0
3645,Ideal,G,SI1,61.0,56.0,487,4.33,4.36,2.65
3646,,H,VVS1,61.7,56.0,965,4.49,4.46,2.76
3647,,D,SI1,61.4,55.0,551,4.27,4.36,2.65
3648,Good,E,VS2,63.5,56.0,614,4.26,4.28,2.71
3649,Very Good,F,VS2,60.6,60.0,1601,5.17,5.23,3.15
3650,Very Good,D,SI1,,56.0,1578,5.2,,3.34
3651,Ideal,G,VS1,60.6,56.8,1899,5.36,5.4,3.26
3652,Ideal,G,SI2,62.5,55.0,14422,8.75,8.69,5.45
3653,Very Good,E,VS2,61.4,58.0,6803,6.5,6.56,4.01
3654,Ideal,G,SI1,60.9,57.0,3089,5.8,5.86,3.55
3655,Very Good,F,VVS2,63.0,56.0,472,3.94,3.97,2.49
3656,Very Good,D,SI2,62.8,59.0,857,4.82,4.83,3.03
3657,Very Good,G,VS2,62.6,54.0,6773,6.36,6.42,4.0
3658,Very Good,E,SI1,62.4,56.0,4661,6.23,6.27,3.9
3659,Very Good,F,SI2,61.6,59.0,709,4.81,4.83,2.97
3660,Very Good,G,VS1,61.0,56.0,1635,5.24,5.26,3.2
3661,Very Good,D,SI1,62.6,58.0,589,4.33,4.36,2.72
3662,Very Good,F,VS2,61.3,57.0,2400,5.74,5.77,3.53
3663,Premium,E,IF,,59.0,1026,4.29,,2.63
3664,Premium,E,SI1,,59.0,4464,6.2,,3.78
3665,Ideal,F,VS1,61.7,56.0,695,4.33,4.36,2.68
3666,Premium,J,VS2,60.6,59.0,8054,7.5,7.49,4.54
3667,Good,H,VVS2,63.6,54.0,2427,5.72,5.63,3.61
3668,Premium,F,SI2,60.9,60.0,4197,6.48,6.45,3.94
3669,Ideal,G,VS1,62.4,53.0,10631,7.01,7.1,4.4
3670,Premium,F,VS2,60.4,59.0,5782,6.87,6.8,4.13
3671,Ideal,F,SI1,60.7,57.0,3289,6.02,6.1,3.68
3672,Very Good,I,SI1,63.0,56.0,2147,5.61,5.66,3.55
3673,Ideal,E,VS2,62.1,55.0,900,4.41,4.42,2.74
3674,Premium,G,VS2,58.2,57.0,672,4.55,4.52,2.64
3675,Premium,E,SI1,59.2,58.0,4804,6.51,6.43,3.83
3676,Good,F,SI1,63.0,55.0,516,4.28,4.35,2.72
3677,Ideal,F,VS1,62.1,56.0,872,4.35,4.32,2.69
3678,Ideal,G,VS2,61.2,56.0,527,4.29,4.34,2.64
3679,Premium,G,VVS1,61.4,62.0,7644,6.37,6.34,3.9
3680,Ideal,G,VS1,62.3,55.0,776,4.31,4.26,2.67
3681,Ideal,H,VS1,63.1,58.0,3111,5.89,5.97,3.74
3682,Fair,H,I1,64.9,58.0,3503,7.2,7.14,4.65
3683,Very Good,G,VVS2,60.9,56.0,1768,5.16,5.22,3.16
3684,Very Good,H,SI1,62.2,58.0,10355,7.44,7.48,4.64
3685,Ideal,G,VS1,62.4,56.0,999,4.63,4.6,2.88
3686,Good,H,VVS2,64.2,57.9,2734,5.69,5.87,3.71
3687,Ideal,D,VS2,61.5,56.0,758,4.39,4.42,2.71
3688,Ideal,F,VVS2,62.3,54.0,2581,5.29,5.28,3.29
3689,,G,SI1,61.5,59.0,9645,7.32,7.39,4.52
3690,Good,E,VS1,59.5,61.0,3465,5.79,5.88,3.47
3691,Very Good,F,SI2,61.7,61.0,446,4.44,4.47,2.75
3692,Good,H,VS2,63.7,61.0,4637,6.19,6.25,3.96
3693,,F,SI2,59.1,59.0,4415,6.55,6.59,3.88
3694,Ideal,F,VS1,62.0,56.0,673,4.28,4.33,2.67
3695,,D,SI2,61.1,60.0,5259,6.65,6.6,4.05
3696,Premium,G,VS1,61.6,58.0,1759,5.24,5.22,3.22
3697,Good,I,VS2,57.1,62.0,9609,7.67,7.73,4.4
3698,Very Good,G,VS2,61.9,55.0,18107,7.64,7.68,4.74
3699,Very Good,D,VVS2,61.6,59.0,620,4.15,4.16,2.56
3700,Very Good,I,SI1,62.8,59.0,7505,7.26,7.33,4.58
3701,Premium,H,VVS2,60.9,59.0,623,4.2,4.18,2.55
3702,Ideal,D,SI1,61.5,56.0,781,4.45,4.43,2.73
3703,Fair,E,SI2,58.1,60.0,1435,5.7,5.52,3.26
3704,Very Good,D,VS2,63.1,56.0,1658,5.06,5.11,3.21
3705,Premium,G,I1,61.9,58.0,1650,5.74,5.7,3.54
3706,Ideal,E,SI2,59.7,59.0,11924,7.72,7.82,4.64
3707,Ideal,D,VS2,61.4,56.0,805,4.49,4.53,2.77
3708,Very Good,G,SI2,62.4,57.0,5251,6.74,6.85,4.24
3709,Ideal,G,VS1,61.3,54.0,854,4.49,4.45,2.74
3710,Premium,F,SI2,62.2,59.0,2863,6.06,6.03,3.76
3711,Premium,G,SI2,59.8,61.0,15950,8.26,8.23,4.93
3712,Premium,G,VS1,61.8,59.0,625,4.32,4.36,2.68
3713,Fair,G,I1,65.7,54.0,4167,7.28,7.09,4.72
3714,Very Good,D,SI1,62.1,56.0,1661,5.22,5.25,3.25
3715,Ideal,I,VVS1,61.6,55.0,7086,6.88,6.79,4.21
3716,Ideal,H,SI2,61.6,54.0,6300,7.02,7.01,4.32
3717,Ideal,H,SI2,62.2,55.0,1435,5.1,5.13,3.18
3718,Fair,H,VS1,59.6,66.0,2395,5.8,5.74,3.44
3719,Very Good,I,VS1,60.6,59.0,11515,7.64,7.67,4.64
3720,Ideal,H,VVS1,62.4,57.0,664,4.25,4.27,2.66
3721,Ideal,E,VS1,61.8,56.0,1033,4.51,4.48,2.78
3722,Ideal,E,VS1,59.8,56.0,1883,5.27,5.3,3.16
3723,Ideal,G,VS2,62.3,57.0,7295,6.53,6.57,4.08
3724,Ideal,F,SI2,,57.0,2529,5.92,,3.71
3725,Very Good,G,VVS2,62.0,58.0,7188,6.38,6.42,3.97
3726,Very Good,I,VS2,63.2,56.0,3570,6.14,6.11,3.87
3727,Ideal,H,SI1,61.0,57.0,5818,6.69,6.73,4.09
3728,Ideal,E,VS1,61.5,59.0,3198,5.7,5.75,3.52
3729,Ideal,D,SI2,61.9,56.0,4679,6.45,6.5,4.01
3730,Ideal,G,VS2,61.5,55.0,3397,6.01,6.05,3.71
3731,Premium,H,SI1,62.0,59.0,1265,5.42,5.33,3.33
3732,Premium,F,I1,62.2,59.0,3445,6.43,6.47,4.01
3733,Ideal,D,SI1,63.0,55.0,970,4.8,4.76,3.01
3734,Premium,G,SI2,62.8,59.0,3046,6.14,6.12,3.85
3735,Ideal,I,VVS1,62.4,55.0,2753,5.88,5.86,3.66
3736,Ideal,G,IF,60.9,57.0,918,4.45,4.49,2.72
3737,Ideal,D,VS2,60.5,56.0,1964,5.33,5.38,3.24
3738,Very Good,E,SI2,62.7,55.0,1078,5.06,5.08,3.18
3739,Ideal,G,VS1,61.7,55.0,828,4.44,4.38,2.72
3740,Very Good,G,VS2,62.6,61.0,5747,6.34,6.35,3.97
3741,Ideal,H,SI2,60.3,57.0,4323,6.55,6.59,3.96
3742,Very Good,D,VS2,,58.0,995,4.83,,2.87
3743,Very Good,E,VS2,61.5,58.0,1625,5.18,5.23,3.2
3744,Premium,G,VS2,61.8,58.0,1577,5.21,5.17,3.21
3745,Ideal,H,VS1,62.3,53.0,754,4.68,4.69,2.92
3746,Premium,G,SI1,62.7,58.0,573,4.26,4.23,2.66
3747,Ideal,I,VS2,61.9,57.0,17504,8.53,8.46,5.26
3748,Good,D,SI1,63.2,57.0,589,4.37,4.39,2.77
3749,Premium,G,VS2,61.5,58.0,5941,6.39,6.45,3.95
3750,Ideal,D,VS2,60.5,56.0,707,4.6,4.63,2.79
3751,Ideal,G,VVS2,61.8,54.2,951,4.68,4.74,2.91
3752,Premium,G,VS2,60.8,58.0,2317,5.77,5.78,3.51
3753,,J,VS1,63.4,58.0,4292,6.36,6.42,4.05
3754,Premium,G,VVS2,62.2,55.0,1130,4.84,4.8,3.0
3755,Good,F,VVS1,60.2,66.0,472,3.94,3.97,2.38
3756,Premium,F,SI2,58.9,58.0,2234,5.82,5.76,3.41
3757,Ideal,E,VS2,61.8,56.0,6048,6.46,6.41,3.98
3758,Ideal,I,SI2,61.7,54.0,14061,8.19,8.19,5.05
3759,Ideal,G,VS2,62.2,54.0,1443,5.11,5.14,3.19
3760,Very Good,F,I1,59.9,61.0,3678,6.64,6.68,3.99
3761,,E,SI1,61.0,57.0,3890,6.0,6.04,3.67
3762,Ideal,I,SI1,62.4,55.0,1170,5.19,5.23,3.25
3763,Premium,G,SI1,60.2,60.0,855,4.71,4.63,2.81
3764,Ideal,E,VS2,61.3,54.0,1693,5.23,5.21,3.2
3765,Good,G,VS1,,60.0,4478,6.09,,3.91
3766,Ideal,E,IF,62.0,56.0,1132,4.37,4.34,2.7
3767,Premium,J,SI2,58.7,59.0,4685,6.99,6.95,4.09
3768,Ideal,G,SI2,61.3,57.0,14744,8.52,8.5,5.22
3769,Good,F,SI2,58.8,64.0,4231,6.65,6.66,3.91
3770,Ideal,G,VVS2,61.1,58.0,9294,6.43,6.46,3.94
3771,Ideal,F,VVS2,63.0,55.0,2144,5.4,5.37,3.39
3772,Ideal,F,SI2,61.5,57.0,4764,6.61,6.57,4.05
3773,Ideal,F,SI2,60.0,56.0,5001,7.04,6.99,4.21
3774,Very Good,F,VS2,62.8,57.0,625,4.3,4.33,2.71
3775,Premium,E,SI1,62.8,59.0,4853,6.4,6.3,3.99
3776,Ideal,E,VVS2,61.1,57.0,895,4.77,4.79,2.92
3777,Ideal,I,VS2,61.6,56.0,577,4.39,4.37,2.7
3778,Good,F,VS1,60.1,61.0,1801,5.34,5.37,3.22
3779,Good,J,SI1,57.6,62.0,2032,6.2,6.24,3.58
3780,Good,G,SI1,60.8,61.0,18077,8.0,8.09,4.89
3781,Premium,I,VVS2,62.2,58.0,827,4.76,4.76,2.96
3782,Ideal,E,IF,62.0,54.0,988,4.36,4.41,2.72
3783,Ideal,D,VS1,62.1,57.0,862,4.34,4.32,2.69
3784,Ideal,D,VS1,62.4,57.0,3089,5.72,5.69,3.56
3785,Very Good,F,VS1,62.1,53.0,3013,5.7,5.76,3.56
3786,Ideal,F,VS2,60.8,57.0,8233,6.7,6.75,4.09
3787,Premium,H,SI2,61.0,59.0,4619,6.74,6.66,4.09
3788,Ideal,D,VVS1,62.4,54.0,3625,5.39,5.44,3.38
3789,Good,I,VS1,64.1,55.0,1315,5.18,5.14,3.31
3790,Ideal,G,VVS1,61.2,56.0,1235,4.86,4.85,2.97
3791,Very Good,E,VS2,58.8,60.0,2846,5.83,5.88,3.44
3792,Fair,H,VS2,,59.0,1175,5.02,,3.28
3793,Ideal,G,SI2,61.8,56.0,2690,5.8,5.85,3.6
3794,,D,VS1,59.6,58.0,681,4.4,4.33,2.6
3795,Very Good,D,SI1,59.8,57.0,6131,6.76,6.81,4.06
3796,Good,H,VS2,63.5,57.0,10428,7.31,7.31,4.64
3797,Premium,I,SI2,61.2,59.0,4460,6.85,6.77,4.17
3798,Ideal,F,VS1,,57.0,3357,5.88,,3.68
3799,Very Good,I,SI2,63.9,54.0,12937,8.11,8.19,5.21
3800,Ideal,D,VS1,61.5,55.0,1006,4.81,4.88,2.98
3801,Very Good,I,VVS2,,55.0,6558,6.88,,4.14
3802,Fair,H,SI1,61.4,61.0,3283,6.08,6.14,3.75
3803,Good,F,SI1,63.8,60.0,7828,6.89,6.87,4.39
3804,Fair,H,SI2,65.5,59.0,2845,6.31,6.24,4.11
3805,Premium,F,VS2,61.7,58.0,2806,5.85,5.78,3.59
3806,Premium,G,SI2,61.2,58.0,2128,5.95,5.88,3.62
3807,Very Good,J,SI1,63.5,58.0,2905,6.17,6.11,3.9
3808,Ideal,G,VVS2,61.5,56.0,9465,6.52,6.55,4.02
3809,Premium,G,VS1,59.8,58.0,1746,5.19,5.14,3.09
3810,Premium,F,SI2,61.0,61.0,770,4.67,4.61,2.83
3811,Premium,E,VS1,60.8,57.0,10053,6.9,6.79,4.16
3812,Fair,I,I1,68.6,57.0,1147,5.46,5.35,3.71
3813,Ideal,G,VS1,62.9,57.0,776,4.3,4.29,2.7
3814,Premium,D,VS2,62.9,59.0,911,4.27,4.25,2.68
3815,Fair,H,VS1,67.1,55.0,1811,5.49,5.54,3.7
3816,Ideal,E,VVS1,61.5,56.0,4702,5.76,5.79,3.55
3817,Good,H,VS2,64.0,59.0,9820,7.19,7.24,4.62
3818,Ideal,J,VS1,62.7,57.0,724,4.75,4.79,2.99
3819,Very Good,E,VS1,62.3,58.0,3415,5.82,5.87,3.64
3820,Ideal,D,SI1,59.3,55.0,756,4.53,4.51,2.68
3821,Good,I,VS1,63.7,57.0,754,4.68,4.71,2.99
3822,Premium,G,VVS2,61.3,56.0,9779,6.88,6.85,4.21
3823,Very Good,J,VS2,62.7,57.0,6672,7.15,7.18,4.49
3824,Ideal,G,VS1,61.6,57.0,9327,6.72,6.76,4.15
3825,Ideal,E,SI1,61.1,56.0,2728,5.76,5.8,3.53
3826,,G,SI1,61.7,59.0,9747,7.39,7.32,4.54
3827,Ideal,E,VS1,62.0,56.0,1094,4.59,4.57,2.84
3828,Premium,J,VS2,62.4,59.0,6342,7.34,7.3,4.57
3829,Premium,J,SI2,62.6,58.0,8888,7.77,7.72,4.85
3830,Very Good,E,VS2,62.9,55.0,912,4.72,4.73,2.97
3831,Good,J,VVS2,58.3,60.0,376,4.26,4.35,2.51
3832,Premium,G,VS1,59.4,59.0,5631,6.48,6.52,3.86
3833,Ideal,I,VS2,61.9,55.0,2615,5.69,5.72,3.53
3834,Ideal,G,VS2,61.5,56.0,6729,6.54,6.59,4.04
3835,Premium,E,SI2,62.9,59.0,855,4.69,4.66,2.94
3836,Premium,J,VS2,62.5,57.0,17053,8.46,8.4,5.27
3837,Premium,G,VS2,61.7,58.0,6069,6.54,6.59,4.05
3838,Very Good,H,VS1,63.3,57.0,5656,6.47,6.38,4.07
3839,Premium,H,VS2,61.2,61.0,3811,6.22,6.14,3.78
3840,Very Good,G,VS2,61.0,55.0,558,4.4,4.42,2.69
3841,Premium,H,SI2,61.9,57.0,6164,7.0,6.95,4.32
3842,Good,E,VS2,64.1,58.0,1397,5.03,5.02,3.22
3843,Premium,F,VS1,61.4,59.0,1710,5.08,5.14,3.14
3844,Premium,H,VS1,61.0,62.0,5000,6.51,6.47,3.96
3845,Fair,E,VS2,58.1,64.0,6285,6.6,6.45,3.79
3846,Ideal,E,VS1,61.4,56.0,898,4.42,4.44,2.72
3847,,H,VVS1,61.6,55.0,651,4.3,4.33,2.66
3848,Ideal,J,VVS1,62.6,54.0,703,4.72,4.74,2.96
3849,Ideal,H,VS2,62.6,55.0,15829,8.03,7.92,4.99
3850,Premium,E,VVS2,60.5,60.0,3377,5.74,5.73,3.47
3851,Ideal,J,SI1,61.9,57.0,4967,6.84,6.89,4.25
3852,Ideal,F,VS1,62.2,56.0,1006,4.72,4.77,2.95
3853,Very Good,G,VS2,63.3,58.0,2338,5.63,5.58,3.55
3854,Ideal,G,VS1,62.1,57.0,8545,6.77,6.79,4.21
3855,Ideal,G,VVS1,,55.0,582,4.04,,2.52
3856,Very Good,H,SI2,63.4,57.0,3593,6.4,6.32,4.03
3857,Very Good,F,VS1,59.9,59.0,1653,5.26,5.33,3.17
3858,Ideal,E,SI1,,56.0,2308,5.71,,3.56
3859,Good,F,VS2,63.6,59.0,6098,6.34,6.33,4.03
3860,Premium,G,SI1,60.5,62.0,4949,6.69,6.6,4.02
3861,Very Good,F,VS2,61.7,60.0,2744,5.63,5.65,3.48
3862,Good,F,SI1,63.3,58.0,686,4.69,4.72,2.98
3863,Premium,I,SI1,60.6,59.0,4911,6.74,6.65,4.06
3864,,J,VS1,62.4,58.0,874,4.87,4.93,3.06
3865,Very Good,F,SI1,62.5,57.0,1322,5.19,5.25,3.26
3866,Ideal,D,VVS1,61.9,57.0,3218,5.17,5.17,3.2
3867,Ideal,I,VVS2,62.3,56.0,516,4.28,4.29,2.67
3868,Premium,G,VVS2,62.2,61.0,1807,5.09,5.07,3.16
3869,Ideal,D,SI1,62.7,57.0,851,4.6,4.53,2.86
3870,Ideal,D,VVS2,61.9,56.0,6003,5.91,5.95,3.67
3871,Very Good,H,VVS2,62.0,57.0,450,3.95,4.02,2.47
3872,Premium,J,VS2,,56.0,6254,7.21,,4.33
3873,,E,VS2,62.1,56.0,703,4.37,4.42,2.73
3874,,G,VS2,62.4,56.0,1010,4.68,4.65,2.91
3875,Premium,D,SI1,62.2,58.0,874,4.61,4.58,2.86
3876,Ideal,H,SI1,62.5,56.0,5395,6.66,6.62,4.15
3877,,D,VS2,61.7,55.0,1817,5.22,5.25,3.23
3878,Premium,F,SI1,60.7,58.0,1420,5.15,5.1,3.11
3879,,H,VVS1,61.2,56.0,2568,5.43,5.46,3.33
3880,Ideal,D,VS2,61.4,55.0,1705,5.23,5.22,3.21
3881,Ideal,I,VS2,61.7,55.0,451,4.36,4.39,2.7
3882,Premium,G,VS2,60.0,58.0,742,4.5,4.47,2.69
3883,Ideal,G,SI1,62.1,58.0,2275,5.67,5.69,3.53
3884,Very Good,F,VVS2,60.5,59.0,552,3.98,4.05,2.43
3885,Very Good,F,SI2,62.4,56.0,3907,6.32,6.34,3.95
3886,Ideal,I,IF,61.4,55.0,1202,5.05,5.08,3.11
3887,Very Good,G,VVS2,62.4,57.0,707,4.3,4.35,2.7
3888,Premium,F,VVS1,62.3,58.0,7882,6.43,6.37,3.99
3889,Ideal,E,VS2,62.0,57.0,2260,5.45,5.45,3.38
3890,Premium,E,SI2,62.6,59.0,2322,5.67,5.71,3.56
3891,,H,VS2,58.8,60.0,12492,7.79,7.85,4.6
3892,Premium,D,VS2,60.8,58.0,1619,5.23,5.17,3.16
3893,Very Good,G,VS2,60.7,62.0,579,4.42,4.48,2.7
3894,Premium,H,VS1,61.4,61.0,698,4.34,4.33,2.66
3895,Fair,G,I1,66.4,59.0,2809,6.18,6.08,4.07
3896,Ideal,H,SI1,62.2,56.0,14725,8.11,8.07,5.03
3897,Premium,I,VS2,60.2,60.0,5242,7.03,6.98,4.22
3898,Premium,F,SI1,59.5,61.0,1125,5.16,5.12,3.06
3899,Good,H,SI1,63.3,57.0,1153,5.15,5.22,3.28
3900,Ideal,G,VS2,62.0,55.0,1450,5.07,5.09,3.15
3901,Ideal,I,VVS1,62.1,56.0,733,4.38,4.35,2.71
3902,Fair,I,I1,67.3,58.0,5697,7.72,7.65,5.17
3903,Premium,G,VS1,60.7,58.0,921,4.83,4.85,2.94
3904,Very Good,H,VS2,62.2,57.0,7549,7.07,7.14,4.42
3905,Very Good,D,VS2,62.4,57.0,17152,7.21,7.24,4.51
3906,,J,VS1,62.7,53.9,852,4.93,4.93,3.09
3907,,F,SI2,62.4,54.0,2823,6.01,5.97,3.74
3908,Very Good,G,SI2,60.5,56.0,1171,5.41,5.44,3.28
3909,Ideal,H,SI1,62.2,56.0,4224,6.51,6.45,4.03
3910,Ideal,F,SI1,,57.0,810,4.89,,2.99
3911,Very Good,E,VS1,57.9,62.0,8668,6.56,6.61,3.81
3912,Ideal,I,SI2,60.6,56.0,5092,6.92,6.94,4.2
3913,Good,J,VS2,63.6,59.0,8282,7.53,7.47,4.77
3914,Ideal,G,VVS2,62.4,56.0,1906,5.14,5.18,3.22
3915,Premium,G,SI1,61.3,58.0,4341,6.47,6.45,3.96
3916,Good,G,SI1,57.5,62.0,3227,6.31,6.24,3.61
3917,Very Good,D,VS2,58.7,61.0,4729,6.27,6.34,3.7
3918,Very Good,F,VVS2,63.3,57.0,504,3.92,3.92,2.48
3919,Very Good,H,SI1,,57.0,5950,6.49,,4.07
3920,Ideal,H,VS2,61.2,57.0,8708,7.56,7.51,4.61
3921,Very Good,H,VVS2,62.7,58.0,1877,5.42,5.43,3.4
3922,Fair,F,SI1,64.6,60.0,2363,5.66,5.52,3.61
3923,Ideal,F,VS1,62.0,57.0,1007,4.73,4.75,2.94
3924,Good,G,VS2,62.3,61.0,2367,5.66,5.68,3.53
3925,Premium,F,SI1,60.5,59.0,705,4.48,4.44,2.7
3926,Premium,H,SI2,62.7,60.0,12655,8.13,8.04,5.07
3927,Ideal,H,VVS1,61.3,56.0,1875,5.23,5.27,3.22
3928,Very Good,I,SI1,60.4,61.0,1040,5.15,5.18,3.12
3929,Ideal,E,SI1,61.2,56.0,1732,5.15,5.17,3.16
3930,Premium,I,SI2,61.7,61.0,13912,8.19,8.09,5.02
3931,Ideal,H,VVS1,62.3,56.0,822,4.54,4.57,2.84
3932,Ideal,G,VS1,62.6,57.0,2436,5.66,5.72,3.56
3933,Ideal,E,SI1,,62.0,5629,6.45,,3.89
3934,Ideal,F,SI2,59.1,57.0,2332,5.87,5.83,3.46
3935,Ideal,I,VS1,61.3,56.0,2924,5.72,5.76,3.52
3936,Very Good,F,VS1,,57.0,1008,4.78,,2.93
3937,Good,G,I1,63.7,61.0,2226,6.02,6.07,3.85
3938,Premium,G,VS2,61.6,60.0,765,4.49,4.47,2.76
3939,Ideal,E,SI2,62.7,53.0,1266,5.12,5.09,3.2
3940,Very Good,G,SI1,62.0,61.0,2234,5.68,5.71,3.53
3941,Very Good,J,VS2,62.2,60.0,7557,7.28,7.31,4.54
3942,Ideal,G,VS2,63.0,55.0,675,4.31,4.29,2.71
3943,Ideal,H,IF,,56.0,763,4.35,,2.67
3944,Very Good,G,VVS1,60.7,56.0,725,4.32,4.35,2.63
3945,Premium,G,VS1,60.6,60.0,6354,6.52,6.42,3.92
3946,Ideal,G,VVS2,61.8,55.0,1198,4.8,4.85,2.98
3947,Very Good,G,VS2,62.6,56.0,786,4.61,4.68,2.91
3948,Very Good,J,SI1,,58.0,4346,6.36,,3.95
3949,Good,E,VVS2,61.9,60.0,464,3.95,4.03,2.47
3950,Good,G,VS1,63.8,56.0,6283,6.26,6.34,4.02
3951,Ideal,D,VVS2,61.4,56.0,586,4.16,4.18,2.56
3952,,I,SI2,58.8,55.0,3629,6.55,6.45,3.82
3953,Ideal,H,SI2,60.6,56.0,4284,6.53,6.64,3.99
3954,,E,SI1,63.3,60.0,2592,5.59,5.56,3.53
3955,Premium,F,VVS1,59.4,59.0,14196,7.12,7.08,4.22
3956,Premium,J,SI2,61.9,57.0,720,4.94,4.91,3.05
3957,Very Good,G,VVS2,61.9,58.0,6257,6.39,6.47,3.98
3958,Ideal,F,VS1,60.9,56.0,957,4.76,4.66,2.87
3959,Ideal,F,VVS2,61.9,55.0,2797,5.34,5.35,3.31
3960,,D,VVS1,61.2,57.0,1069,4.33,4.3,2.64
3961,,E,SI1,62.1,60.0,579,4.36,4.43,2.73
3962,Premium,E,SI2,61.5,58.0,6237,6.8,6.85,4.2
3963,Premium,D,SI2,60.9,57.0,1308,5.48,5.39,3.31
3964,Very Good,D,SI1,62.3,63.0,2374,5.72,5.64,3.54
3965,Ideal,E,VVS2,62.2,57.0,2345,5.09,5.04,3.15
3966,Premium,I,VS1,62.4,60.0,9467,7.28,7.31,4.55
3967,Very Good,F,VVS1,63.5,58.0,1117,4.67,4.68,2.97
3968,,E,VS2,62.8,56.0,11643,7.18,7.09,4.48
3969,Ideal,G,IF,61.1,57.0,2289,5.26,5.28,3.22
3970,Very Good,I,VVS1,61.8,61.0,608,4.43,4.44,2.74
3971,Ideal,D,VS2,61.5,55.0,1882,5.18,5.13,3.17
3972,Ideal,I,SI1,61.8,54.0,1212,5.27,5.31,3.27
3973,,E,SI1,60.1,56.0,4034,6.29,6.35,3.8
3974,Ideal,F,VVS2,,57.0,530,3.99,,2.42
3975,Good,F,SI2,59.2,61.0,2190,5.87,5.99,3.51
3976,Good,H,SI1,60.8,60.0,9335,7.29,7.39,4.46
3977,Premium,D,SI2,59.2,60.0,4115,6.35,6.29,3.74
3978,,G,VS1,59.4,58.0,8305,6.97,7.03,4.16
3979,Ideal,E,VS2,62.1,56.0,983,4.53,4.52,2.81
3980,Very Good,E,SI2,60.6,63.0,4326,6.49,6.45,3.92
3981,Ideal,F,IF,62.3,57.0,886,4.25,4.29,2.66
3982,Ideal,G,SI2,61.5,57.0,7936,7.33,7.39,4.53
3983,Ideal,D,VS2,62.2,54.0,8008,6.46,6.41,4.0
3984,Ideal,E,SI1,,54.0,1356,5.15,,3.18
3985,Good,H,SI1,63.9,59.0,15467,7.81,7.91,5.02
3986,Ideal,F,VVS2,,56.0,8701,6.45,,4.0
3987,Ideal,H,SI1,62.0,54.0,6588,6.82,6.9,4.25
3988,Fair,H,VVS2,64.9,55.0,4355,6.31,6.29,4.09
3989,Ideal,E,SI1,61.4,57.0,5476,6.47,6.5,3.98
3990,Ideal,F,SI2,61.5,55.0,5240,6.56,6.62,4.05
3991,Premium,J,VS2,62.6,59.0,16273,8.52,8.47,5.32
3992,,D,VS2,61.4,57.0,1050,4.78,4.73,2.92
3993,,J,VS2,62.6,57.0,2258,5.79,5.91,3.66
3994,Very Good,H,SI1,63.3,58.0,2047,5.62,5.63,3.56
3995,Good,I,SI2,63.9,60.0,3079,6.2,6.13,3.94
3996,Very Good,D,SI1,61.1,54.0,1576,5.23,5.28,3.21
3997,Premium,F,SI2,61.4,57.0,4586,6.6,6.53,4.03
3998,Very Good,D,SI2,58.8,57.0,11284,7.59,7.64,4.48
3999,Ideal,G,SI1,,55.0,1628,5.49,,3.42
4000,Premium,G,SI1,60.9,59.0,1357,5.26,5.22,3.19
4001,Ideal,I,VS1,61.8,56.0,3422,5.97,6.0,3.7
4002,Premium,H,SI1,62.8,56.0,6129,6.82,6.74,4.26
4003,Premium,H,VVS2,61.4,58.0,10337,7.66,7.62,4.69
4004,Very Good,I,VS2,61.3,57.6,655,4.75,4.78,2.92
4005,Ideal,E,VS2,62.5,54.0,702,4.35,4.39,2.73
4006,Ideal,H,SI1,62.9,56.0,2269,5.79,5.75,3.63
4007,Ideal,E,VVS2,61.8,57.0,1057,4.75,4.73,2.93
4008,Premium,D,I1,61.5,60.0,3838,6.46,6.42,3.96
4009,Ideal,H,VS1,61.5,57.0,693,4.27,4.31,2.64
4010,Very Good,I,VS1,62.6,58.0,3448,6.14,6.16,3.85
4011,Premium,H,SI1,58.2,62.0,4190,6.54,6.45,3.78
4012,Ideal,G,VVS1,61.4,55.0,1206,4.86,4.91,3.0
4013,Ideal,G,SI1,62.1,56.0,671,4.76,4.78,2.96
4014,Ideal,E,VS2,62.4,55.0,9516,6.73,6.63,4.17
4015,Ideal,E,VVS1,61.3,54.0,3323,5.25,5.25,3.22
4016,Premium,E,SI2,61.1,59.0,3703,6.2,6.23,3.8
4017,Ideal,H,SI1,62.1,56.0,9974,7.74,7.71,4.8
4018,Ideal,I,SI1,61.9,57.0,589,4.47,4.45,2.76
4019,Very Good,G,SI1,63.4,59.0,3763,6.19,6.15,3.91
4020,Premium,J,SI2,62.7,60.0,6636,7.35,7.3,4.59
4021,Premium,F,SI2,58.6,60.0,2681,6.28,6.25,3.67
4022,Premium,E,SI2,,59.0,2273,5.65,,3.5
4023,Very Good,G,VS2,60.9,56.0,543,4.37,4.37,2.66
4024,,E,SI1,60.5,59.0,5299,6.4,6.45,3.89
4025,Ideal,F,VS2,61.0,57.0,1108,4.78,4.73,2.9
4026,Premium,F,SI1,62.0,60.0,5574,6.41,6.36,3.96
4027,Very Good,G,VS2,62.2,58.0,8125,6.74,6.8,4.21
4028,,D,I1,62.4,60.0,3781,7.37,7.18,4.54
4029,Very Good,D,VVS1,61.5,54.0,1015,4.41,4.44,2.72
4030,Premium,H,SI2,61.7,60.0,4496,6.57,6.6,4.06
4031,Ideal,E,VVS2,62.0,57.0,3632,5.78,5.8,3.59
4032,,H,VS2,62.8,55.0,2793,5.71,5.76,3.6
4033,Ideal,E,VVS2,62.3,55.0,724,4.1,4.09,2.55
4034,Ideal,F,SI2,61.1,55.0,2469,5.91,5.94,3.62
4035,Fair,J,VS2,59.6,62.0,3886,6.53,6.49,3.88
4036,Good,G,VVS2,63.2,56.0,7430,6.33,6.39,4.02
4037,Premium,D,SI2,58.9,60.0,8518,7.49,7.46,4.4
4038,Fair,J,SI2,66.1,59.0,2788,6.39,6.26,4.18
4039,Very Good,F,VVS1,63.0,56.0,8008,6.33,6.37,4.0
4040,Ideal,I,VVS1,60.9,56.0,1145,4.9,4.95,3.0
4041,Very Good,F,VS2,59.9,61.0,5987,6.46,6.49,3.88
4042,Ideal,E,VS2,61.1,54.0,2320,5.4,5.41,3.3
4043,Very Good,D,VS1,62.2,56.0,468,3.93,3.98,2.46
4044,Premium,H,SI2,,59.0,3105,6.37,,3.76
4045,Very Good,D,SI2,62.2,58.0,5722,6.85,6.91,4.28
4046,Good,G,SI1,,60.0,17803,7.81,,4.97
4047,Premium,J,VS2,62.7,56.0,1093,5.18,5.15,3.24
4048,Very Good,J,VS2,61.8,59.0,7702,7.47,7.49,4.62
4049,Ideal,I,VVS2,62.3,55.0,2519,5.76,5.76,3.59
4050,Good,H,SI1,61.8,62.0,2088,5.58,5.61,3.46
4051,Ideal,G,SI2,61.6,55.0,5078,6.78,6.8,4.18
4052,Ideal,G,VS1,62.6,56.0,11817,7.13,7.21,4.49
4053,Premium,G,SI1,59.5,61.0,840,4.77,4.74,2.83
4054,Ideal,I,VVS2,62.2,56.0,2367,5.67,5.71,3.54
4055,Ideal,F,SI1,60.8,57.0,2596,5.73,5.71,3.48
4056,Ideal,J,SI1,61.0,57.0,1713,5.77,5.8,3.53
4057,Ideal,F,VS1,62.3,57.0,10100,6.83,6.79,4.24
4058,Premium,I,VVS1,61.4,59.0,874,4.66,4.65,2.86
4059,Very Good,G,VS1,60.5,56.0,9116,6.95,7.03,4.23
4060,Premium,J,SI1,62.9,59.0,4938,7.17,7.07,4.48
4061,Ideal,E,VVS2,62.1,57.0,1030,4.62,4.69,2.89
4062,Premium,G,SI1,62.7,56.0,5182,6.55,6.46,4.08
4063,Premium,E,SI2,62.4,57.0,6147,7.17,7.12,4.46
4064,Premium,E,SI1,60.5,58.0,2777,5.78,5.73,3.48
4065,Very Good,F,SI1,,56.0,1292,5.21,,3.18
4066,Ideal,E,VVS1,61.6,56.0,865,4.34,4.39,2.69
4067,Fair,G,VS2,65.6,53.0,4031,6.31,6.25,4.12
4068,Ideal,H,VS1,62.4,56.0,1637,5.23,5.19,3.25
4069,Fair,F,I1,63.8,58.0,713,5.11,4.95,3.21
4070,Premium,I,SI2,62.1,58.0,12971,8.29,8.24,5.13
4071,Ideal,G,VVS1,62.7,57.0,1966,5.09,5.08,3.19
4072,Ideal,H,SI1,60.9,56.0,489,4.51,4.56,2.76
4073,Very Good,G,SI2,61.2,55.0,3444,6.2,6.25,3.81
4074,Ideal,H,SI1,60.6,59.0,5325,6.76,6.71,4.08
4075,Premium,I,SI1,61.5,59.0,445,4.45,4.5,2.75
4076,Very Good,G,SI1,63.0,55.0,3292,6.03,6.07,3.81
4077,Premium,G,SI2,,61.0,863,5.03,,3.12
4078,Very Good,H,SI1,61.7,53.0,5375,6.62,6.64,4.09
4079,Ideal,H,VVS1,61.3,55.0,2084,5.58,5.62,3.43
4080,Ideal,G,VS2,62.7,54.0,1788,5.37,5.32,3.35
4081,Very Good,E,SI1,59.5,60.0,5257,6.58,6.52,3.9
4082,Very Good,I,VS2,59.3,62.0,16626,8.14,8.16,4.83
4083,Premium,J,VS1,60.9,59.0,2292,5.99,5.94,3.63
4084,Very Good,E,VVS1,62.6,56.0,863,4.26,4.27,2.67
4085,Ideal,G,VVS2,62.0,57.0,1031,4.77,4.81,2.97
4086,Premium,E,VS2,,60.0,1629,5.04,,3.16
4087,Ideal,E,SI2,62.2,55.0,5325,6.54,6.58,4.08
4088,Ideal,H,SI1,61.2,57.0,682,4.76,4.78,2.92
4089,Very Good,D,VVS2,62.6,56.0,752,4.29,4.3,2.69
4090,Very Good,E,VS2,60.5,58.0,6667,6.46,6.5,3.92
4091,Ideal,E,VS2,62.2,54.0,1742,5.28,5.26,3.28
4092,Ideal,E,SI1,61.3,56.0,1889,5.48,5.45,3.35
4093,Good,D,SI2,57.7,60.0,1202,5.31,5.27,3.05
4094,,H,VS2,59.6,59.0,5068,6.54,6.47,3.88
4095,Ideal,F,VVS2,62.0,56.0,1015,4.73,4.75,2.94
4096,Ideal,I,VVS1,61.1,56.0,876,4.77,4.82,2.93
4097,,F,VS2,63.5,56.0,1636,5.15,5.12,3.26
4098,Premium,F,VS2,61.8,58.0,906,4.54,4.49,2.79
4099,Ideal,E,VS2,61.7,55.0,643,4.39,4.39,2.71
4100,Very Good,G,VS2,60.9,56.0,6386,6.68,6.68,4.07
4101,Premium,H,VS2,61.9,60.0,12992,7.6,7.59,4.7
4102,Premium,J,SI1,58.6,58.0,3919,6.57,6.51,3.83
4103,Ideal,H,SI1,61.5,56.0,15032,7.87,7.8,4.82
4104,Good,G,SI2,62.4,60.0,4150,6.32,6.38,3.96
4105,Premium,H,VS2,61.3,58.0,5312,6.5,6.46,3.97
4106,Premium,G,SI1,62.9,61.0,1339,5.14,5.1,3.22
4107,Ideal,F,VS2,62.6,57.0,624,4.3,4.33,2.7
4108,Premium,G,VS1,61.7,59.0,18420,7.84,7.76,4.81
4109,,F,VS1,61.1,55.0,10315,6.76,6.82,4.15
4110,Good,D,VS2,66.9,57.0,6113,6.13,6.21,4.13
4111,Premium,F,VS2,60.7,58.0,11369,7.26,7.17,4.38
4112,Ideal,G,VVS1,61.3,56.0,815,4.41,4.43,2.71
4113,Ideal,H,SI2,62.4,55.0,17407,8.88,8.82,5.52
4114,Premium,D,VS2,61.4,61.0,1980,5.1,5.03,3.11
4115,Ideal,E,VVS2,60.9,56.0,837,4.43,4.43,2.7
4116,,D,VS2,58.4,58.0,1625,5.3,5.39,3.12
4117,Very Good,E,VS2,61.8,60.0,1857,5.35,5.39,3.32
4118,Good,I,SI1,59.3,58.0,10796,7.72,7.77,4.59
4119,Ideal,G,SI1,60.5,57.0,2460,5.75,5.79,3.49
4120,Premium,I,SI1,61.5,59.0,8911,7.39,7.32,4.52
4121,Ideal,E,VVS2,61.5,57.0,842,4.4,4.41,2.71
4122,Ideal,E,VVS2,62.1,54.0,1091,4.75,4.78,2.96
4123,,J,SI2,60.7,60.0,5156,7.2,7.07,4.33
4124,Ideal,D,VS1,61.8,55.0,1003,4.57,4.55,2.82
4125,Ideal,E,VS1,61.8,55.0,1834,4.95,4.95,3.06
4126,Ideal,F,SI1,61.5,55.0,2427,5.74,5.81,3.55
4127,Ideal,F,VVS1,61.4,55.0,802,4.31,4.36,2.66
4128,Ideal,F,VS1,61.9,56.0,702,4.35,4.41,2.71
4129,Ideal,E,VS1,61.3,55.0,945,4.58,4.55,2.8
4130,Good,J,SI1,63.7,54.0,3665,6.43,6.35,4.07
4131,Ideal,H,VVS2,61.9,55.0,827,4.42,4.4,2.73
4132,Premium,D,VVS2,61.2,60.0,10983,6.54,6.5,3.99
4133,Ideal,G,SI2,61.5,56.0,407,4.43,4.45,2.73
4134,Good,E,VS2,64.1,58.0,4278,6.01,6.06,3.87
4135,Premium,H,VVS2,61.3,59.0,625,4.36,4.39,2.68
4136,Ideal,G,IF,62.3,56.0,2271,5.2,5.2,3.24
4137,Fair,G,VS1,66.8,56.0,1367,4.85,4.91,3.26
4138,Ideal,F,SI1,62.4,57.0,1363,5.21,5.18,3.24
4139,Very Good,F,VVS1,61.4,58.0,10462,6.6,6.65,4.07
4140,Ideal,E,SI1,61.6,55.0,1577,5.21,5.14,3.19
4141,Very Good,D,VS1,59.7,57.0,725,4.54,4.61,2.73
4142,,F,SI2,62.0,58.0,4415,6.42,6.52,4.01
4143,Good,F,VVS2,59.5,61.0,3616,5.8,5.84,3.46
4144,Premium,D,SI1,62.1,60.0,550,4.35,4.38,2.71
4145,Premium,E,SI1,,61.0,1637,5.24,,3.21
4146,Ideal,I,SI1,61.5,60.0,5654,6.85,6.8,4.2
4147,Good,G,VVS2,62.4,59.0,7331,6.31,6.38,3.96
4148,Ideal,F,SI1,62.0,54.0,5529,6.42,6.48,4.0
4149,Ideal,D,SI2,61.4,56.0,6240,6.74,6.68,4.12
4150,Premium,G,VS2,61.7,59.0,698,4.35,4.31,2.67
4151,Ideal,I,VS2,62.0,57.0,13769,8.35,8.23,5.14
4152,,F,IF,61.6,56.0,657,4.07,4.11,2.52
4153,Fair,I,SI1,65.8,56.0,2873,6.02,5.95,3.94
4154,,G,SI1,64.3,56.0,2517,5.56,5.58,3.58
4155,Premium,F,VVS2,61.8,60.0,1169,4.81,4.84,2.98
4156,Ideal,G,VVS2,60.6,57.0,7167,6.54,6.5,3.95
4157,Very Good,G,SI2,62.7,58.0,3795,6.31,6.44,4.0
4158,Ideal,G,SI2,62.9,56.0,16234,8.12,8.03,5.08
4159,,F,SI1,62.5,57.0,10694,7.29,7.3,4.56
4160,Very Good,E,SI1,62.6,58.0,5814,6.4,6.45,4.02
4161,Very Good,H,VS1,62.4,59.0,4592,6.1,6.18,3.83
4162,Ideal,H,SI2,62.8,55.0,8614,7.28,7.3,4.58
4163,Premium,I,SI2,61.3,62.0,5682,7.26,7.2,4.43
4164,Very Good,H,SI1,63.1,57.0,1219,5.15,5.09,3.23
4165,,H,VVS1,62.4,54.0,1094,4.84,4.84,3.02
4166,Very Good,G,SI2,62.7,56.0,2057,5.65,5.68,3.55
4167,Premium,H,VS1,62.7,58.0,4732,6.37,6.32,3.98
4168,Ideal,H,VS2,62.4,55.0,491,4.29,4.3,2.68
4169,,F,VS1,61.7,56.0,1836,5.17,5.13,3.18
4170,Very Good,H,VS2,63.3,60.0,2415,5.62,5.6,3.55
4171,Good,H,VS2,64.0,60.0,10692,7.16,7.22,4.6
4172,Premium,D,SI1,61.0,62.0,874,4.63,4.61,2.82
4173,Ideal,F,VS2,61.8,55.0,3624,6.02,5.96,3.7
4174,Premium,I,SI1,62.1,58.0,8852,7.5,7.47,4.65
4175,Ideal,F,VVS1,61.4,56.0,1655,4.82,4.85,2.97
4176,Good,G,VS2,63.2,58.0,507,4.28,4.3,2.71
4177,Premium,F,VVS2,62.2,58.0,11021,6.83,6.77,4.23
4178,Ideal,E,VS1,61.3,57.0,2512,5.2,5.21,3.19

4356,Ideal,G,SI1,61.7,55.0,377,4.08,4.12,2.53
4357,Premium,D,VS2,62.0,58.0,5259,6.16,6.2,3.83
4358,Good,F,VS1,64.0,57.0,2381,5.63,5.53,3.57
4359,Ideal,G,VVS2,60.3,56.0,1007,4.79,4.86,2.91
4360,Premium,D,SI1,59.5,60.0,2369,5.97,5.87,3.52
4361,Premium,D,VS2,61.3,60.0,3427,5.91,5.9,3.62
4362,Ideal,E,VS2,61.3,56.0,796,4.68,4.75,2.89
4363,Very Good,F,VS2,,55.0,523,4.3,,2.67
4364,,I,VS1,60.6,60.0,5726,6.88,6.85,4.16
4365,Premium,F,VS2,61.7,59.0,6905,6.48,6.45,3.99
4366,Very Good,D,SI2,,57.0,5451,6.75,,4.25
4367,Good,D,SI1,64.2,54.0,3324,5.93,5.93,3.81
4368,Good,H,SI1,61.5,64.0,4569,6.38,6.41,3.93
4369,Ideal,G,SI1,60.0,56.0,1346,5.24,5.26,3.15
4370,Premium,F,VS2,60.6,58.0,2290,5.27,5.2,3.17
4371,Good,F,SI1,63.9,59.0,3992,6.1,6.05,3.88
4372,Premium,E,VS2,62.1,59.0,2274,5.3,5.26,3.28
4373,Very Good,I,VS2,,58.0,6419,6.96,,4.15
4374,,H,VS2,62.4,54.0,628,4.41,4.34,2.73
4375,Very Good,I,VS2,63.7,59.0,17422,7.89,7.86,5.02
4376,Good,F,SI2,56.7,60.0,3859,6.63,6.57,3.74
4377,,H,SI1,65.5,59.0,9386,7.16,7.11,4.67
4378,Very Good,I,VS1,,58.0,505,4.38,,2.75
4379,Ideal,G,VS2,60.9,56.0,616,4.52,4.55,2.76
4380,,H,SI1,61.1,57.0,2314,5.71,5.75,3.5
4381,Very Good,I,SI1,63.0,59.2,15081,7.95,8.09,5.05
4382,Premium,H,VS2,62.4,58.0,4769,6.42,6.37,3.99
4383,Premium,H,SI2,61.2,58.0,14717,8.82,8.7,5.36
4384,Fair,D,SI1,65.4,60.0,2364,5.63,5.56,3.66
4385,Good,H,SI1,63.8,56.0,1226,5.09,5.06,3.24
4386,Premium,H,SI2,62.0,60.0,16722,8.27,8.18,5.1
4387,Very Good,D,SI1,63.6,60.0,2566,5.58,5.62,3.56
4388,Ideal,J,VS1,62.5,56.0,8827,7.85,7.8,4.89
4389,Premium,G,VS2,62.4,58.0,14201,7.48,7.52,4.68
4390,Premium,H,SI2,61.1,60.0,3472,6.41,6.36,3.9
4391,Ideal,G,VS1,61.9,57.0,605,4.28,4.32,2.66
4392,Ideal,E,VVS2,61.6,55.0,3535,5.8,5.82,3.58
4393,Very Good,G,VVS2,62.6,57.0,15466,7.33,7.37,4.6
4394,Good,D,SI2,63.7,62.0,2247,5.59,5.55,3.55
4395,Ideal,H,SI1,59.7,59.0,10063,7.49,7.56,4.49
4396,Premium,D,SI1,58.9,59.0,2357,5.84,5.84,3.44
4397,Premium,E,VS2,61.7,59.0,768,4.43,4.39,2.72
4398,Premium,H,SI2,61.5,62.0,7744,7.54,7.49,4.62
4399,Ideal,F,SI1,,56.0,1407,5.2,,3.17
4400,Very Good,F,VVS2,60.7,62.0,10719,6.8,6.83,4.14
4401,Ideal,F,SI2,60.7,57.0,2555,5.85,5.85,3.55
4402,Ideal,F,VS2,62.1,56.0,1789,5.37,5.33,3.32
4403,,G,VVS1,60.6,58.0,1008,4.7,4.77,2.87
4404,Very Good,G,VS2,63.6,55.0,6232,6.47,6.4,4.09
4405,Ideal,D,VS2,61.8,56.0,3858,5.79,5.82,3.59
4406,Ideal,J,SI1,62.4,56.0,4422,6.52,6.55,4.08
4407,Ideal,G,VS1,61.2,56.0,1803,5.19,5.23,3.19
4408,Very Good,G,VVS2,62.9,57.0,7975,6.45,6.56,4.09
4409,,G,VVS1,62.7,58.0,1235,4.79,4.74,2.99
4410,Ideal,G,VS1,61.8,55.5,1803,5.13,5.16,3.18
4411,Very Good,E,VVS2,63.2,59.0,549,3.96,4.01,2.52
4412,Ideal,G,SI1,61.5,57.0,12829,8.09,8.0,4.95
4413,Ideal,I,VS2,62.2,54.0,1046,5.18,5.23,3.24
4414,Premium,D,SI1,60.0,60.0,4430,6.27,6.32,3.78
4415,Ideal,F,SI2,60.9,55.0,1099,5.2,5.21,3.17
4416,Ideal,H,SI2,61.3,56.0,9444,7.7,7.64,4.7
4417,Very Good,G,SI1,59.0,62.0,2674,5.82,5.91,3.46
4418,Ideal,E,VVS1,63.0,57.0,2610,5.24,5.2,3.29
4419,Very Good,G,VVS1,62.6,54.0,3966,5.85,5.87,3.67
4420,Premium,I,SI1,61.2,59.0,540,4.41,4.38,2.69
4421,,F,SI1,62.0,56.0,2333,5.65,5.71,3.52
4422,Premium,I,VS2,60.9,60.0,18823,8.49,8.46,5.16
4423,Very Good,G,I1,60.2,61.0,5809,7.35,7.41,4.44
4424,Good,H,VS2,62.6,59.0,12723,7.47,7.57,4.71
4425,Premium,F,SI1,62.3,61.0,2724,5.8,5.76,3.6
4426,Good,E,VVS2,64.3,58.0,17449,7.2,7.13,4.61
4427,Ideal,I,VVS2,61.5,56.0,524,4.02,4.04,2.48
4428,Ideal,G,SI1,62.2,58.0,6740,6.77,6.83,4.23
4429,Ideal,F,VS2,60.7,56.0,776,4.34,4.32,2.63
4430,Ideal,G,VS2,62.0,53.9,787,4.66,4.69,2.9
4431,Ideal,H,VS1,61.8,54.2,557,4.34,4.37,2.69
4432,Premium,E,VS2,61.9,58.0,745,4.43,4.46,2.75
4433,Good,I,VVS1,63.9,56.0,709,4.26,4.22,2.71
4434,Very Good,I,SI1,63.3,59.0,507,4.25,4.22,2.68
4435,Premium,G,SI1,62.5,56.0,1286,5.1,5.07,3.18
4436,Premium,E,VS2,62.1,58.0,1763,5.38,5.32,3.32
4437,Very Good,H,VS1,63.2,59.0,9173,7.16,7.11,4.51
4438,Ideal,D,VS1,62.2,56.0,834,4.32,4.27,2.67
4439,Ideal,E,VVS2,62.3,56.0,769,4.14,4.11,2.57
4440,Very Good,E,SI1,59.7,58.0,572,4.07,4.11,2.44
4441,Very Good,H,VS2,60.1,57.0,2335,5.73,5.79,3.46
4442,,E,SI1,62.5,55.0,2406,5.69,5.63,3.54
4443,Premium,G,SI2,61.9,60.0,2087,5.72,5.62,3.51
4444,Very Good,H,SI1,62.2,57.0,2001,5.77,5.81,3.6
4445,Premium,F,VS2,60.8,58.0,2695,5.78,5.76,3.51
4446,Ideal,G,IF,61.0,57.0,1432,4.82,4.79,2.93
4447,Premium,H,SI2,61.8,59.0,4547,7.02,6.97,4.32
4448,Premium,F,VS1,62.3,61.0,7336,6.37,6.35,3.96
4449,Premium,H,SI1,61.4,61.0,13230,8.09,8.03,4.95
4450,Premium,H,VVS1,61.2,58.0,861,4.5,4.48,2.75
4451,Ideal,D,SI1,61.1,57.0,3214,5.94,5.97,3.64
4452,Premium,F,SI1,62.2,59.0,4942,6.46,6.4,4.0
4453,Good,G,VVS2,63.6,58.0,4914,6.11,6.09,3.88
4454,Ideal,D,VS2,62.0,55.0,942,4.35,4.33,2.69
4455,Ideal,H,IF,60.9,56.0,1135,4.8,4.82,2.93
4456,Premium,H,SI1,59.3,62.0,9576,7.54,7.48,4.45
4457,Ideal,G,VS2,,56.0,13355,7.35,,4.55
4458,Very Good,D,VS1,60.7,58.0,458,4.21,4.26,2.57
4459,,D,SI1,60.7,58.0,589,4.42,4.45,2.69
4460,Premium,G,SI1,61.7,58.0,13257,7.67,7.62,4.72
4461,Good,G,VS2,63.7,57.0,5922,6.41,6.37,4.07
4462,Ideal,J,IF,62.0,53.0,569,4.57,4.59,2.84
4463,Ideal,F,VS1,60.9,55.0,3759,5.77,5.82,3.53
4464,Good,J,SI1,63.9,55.0,339,4.26,4.28,2.73
4465,Very Good,H,VVS2,61.5,56.0,614,4.46,4.45,2.74
4466,Premium,I,SI1,61.0,59.0,432,4.36,4.39,2.67
4467,Ideal,D,VS2,61.5,55.0,982,4.72,4.74,2.91
4468,Ideal,D,SI1,62.2,56.0,4561,6.23,6.28,3.89
4469,Ideal,H,SI1,62.4,56.0,4603,6.47,6.44,4.03
4470,Ideal,E,VS1,62.4,57.0,781,4.41,4.44,2.76
4471,Very Good,F,VS1,63.1,57.0,7534,6.45,6.41,4.06
4472,Ideal,G,VS1,61.8,55.0,602,4.41,4.43,2.73
4473,Very Good,J,SI1,58.4,62.0,1887,5.85,5.94,3.44
4474,Premium,H,VS2,61.1,58.0,689,4.5,4.47,2.74
4475,,G,VS2,61.5,57.0,1871,5.54,5.51,3.4
4476,,E,SI2,61.4,57.0,877,4.83,4.78,2.95
4477,Premium,D,VS2,62.3,59.0,982,4.67,4.73,2.93
4478,Ideal,G,VS1,60.9,58.0,3578,5.99,6.03,3.66
4479,Very Good,F,SI2,58.1,63.0,5851,7.16,7.06,4.13
4480,Ideal,I,SI2,62.1,57.0,4306,6.6,6.71,4.13
4481,Ideal,D,VS2,62.3,56.0,780,4.42,4.47,2.77
4482,Ideal,G,VVS2,60.0,57.0,1130,4.91,4.89,2.94
4483,Very Good,F,VS2,60.1,61.5,1679,5.19,5.23,3.13
4484,Very Good,H,VS1,62.9,58.0,526,4.22,4.3,2.68
4485,Premium,F,VS1,58.8,60.0,7680,6.77,6.67,3.95
4486,Ideal,F,SI1,61.9,57.0,5197,6.37,6.45,3.97
4487,Very Good,F,SI2,63.6,55.0,3858,6.37,6.31,4.03
4488,Ideal,F,SI1,61.3,59.0,7350,6.79,6.85,4.18
4489,Premium,E,SI1,60.1,58.0,4580,6.43,6.35,3.84
4490,Fair,E,VVS2,63.2,55.0,5430,6.12,6.0,3.83
4491,,G,VVS1,60.5,57.0,1934,5.19,5.22,3.15
4492,Premium,E,SI2,58.0,60.0,8190,7.53,7.48,4.35
4493,Premium,F,SI1,59.9,60.0,5345,6.56,6.52,3.92
4494,Very Good,E,SI1,63.4,57.0,969,4.74,4.73,3.0
4495,,H,SI1,62.0,55.0,1730,5.17,5.18,3.21
4496,,E,SI2,61.2,56.0,630,4.75,4.79,2.92
4497,Good,E,SI2,61.1,61.0,4394,6.37,6.43,3.91
4498,,D,VS2,57.9,60.0,1928,5.3,5.27,3.06
4499,Premium,D,VS1,62.4,58.0,4284,5.94,5.99,3.72
4500,Ideal,J,VS2,61.4,58.0,7550,7.35,7.43,4.54
4501,Good,I,VVS2,63.8,56.0,744,4.39,4.35,2.79
4502,Premium,F,SI1,62.2,58.0,5397,6.47,6.4,4.0
4797,Very Good,F,SI1,59.8,58.0,1401,5.36,5.41,3.22
4798,Good,E,VS2,63.5,56.0,1554,5.07,5.11,3.23
4799,,F,VS2,61.8,53.0,8669,6.83,6.82,4.22
4800,Premium,I,SI1,61.0,59.0,554,4.4,4.35,2.67
4801,Very Good,H,VS1,62.6,58.0,807,4.69,4.71,2.94
4802,Very Good,D,SI1,62.7,56.0,6047,6.4,6.46,4.03
4803,Premium,D,VS1,61.4,58.0,1140,4.67,4.62,2.85
4804,Ideal,G,VVS2,61.6,56.0,9632,6.76,6.82,4.18
4805,Ideal,H,VS1,62.8,57.0,720,4.35,4.34,2.73
4806,Premium,E,SI1,61.4,56.0,969,4.8,4.78,2.94
4807,Ideal,D,VS1,62.4,55.0,3629,5.73,5.74,3.58
4808,Very Good,D,VS2,62.0,53.0,912,4.78,4.83,2.98
4809,Ideal,D,SI1,62.2,54.0,565,4.37,4.38,2.72
4810,Ideal,I,SI1,61.1,56.0,4749,6.62,6.57,4.03
4811,Ideal,E,I1,62.0,57.0,3450,6.4,6.37,3.96
4812,Ideal,F,VVS1,62.2,56.0,814,4.27,4.31,2.67
4813,Premium,F,VS2,59.8,60.0,5923,6.4,6.37,3.82
4814,Premium,I,SI2,62.5,59.0,3696,6.56,6.5,4.08
4815,Good,F,SI1,,57.0,1388,5.29,,3.35
4816,Ideal,H,SI2,61.2,57.0,4325,6.47,6.51,3.97
4817,Very Good,D,SI2,60.8,58.0,3909,6.26,6.3,3.82
4818,,I,SI1,61.8,55.0,4602,6.4,6.44,3.97
4819,Premium,F,I1,61.9,60.0,2781,6.39,6.35,3.94
4820,,G,SI1,62.4,56.0,2250,5.66,5.71,3.55
4821,Premium,F,SI1,61.5,60.0,2471,5.67,5.74,3.51
4822,Ideal,E,VS2,59.3,58.0,681,4.53,4.51,2.68
4823,Premium,I,VS2,58.3,61.0,11360,7.93,7.86,4.6
4824,Premium,F,VS2,61.4,60.0,17766,7.7,7.63,4.71
4825,Premium,I,SI2,62.5,58.0,15169,8.31,8.27,5.18
4826,,D,VVS2,59.4,62.0,668,4.06,4.05,2.41
4827,,E,VS1,61.3,56.0,2086,5.29,5.34,3.26
4828,Fair,D,SI1,64.5,58.0,1323,5.01,4.98,3.22
4829,Very Good,G,VVS2,62.2,55.0,540,4.23,4.26,2.64
4830,,D,SI1,62.2,57.0,1654,5.11,5.08,3.17
4831,Ideal,D,SI1,,56.0,2891,5.77,,3.54
4832,Very Good,E,VVS2,62.4,57.0,758,4.28,4.31,2.68
4833,Premium,F,SI2,59.8,57.0,2867,6.14,6.11,3.66
4834,,E,VS2,64.6,57.0,367,3.88,3.92,2.52
4835,Premium,F,VS2,61.9,59.0,629,4.52,4.56,2.81
4836,Premium,J,VVS1,60.2,58.0,994,4.82,4.78,2.89
4837,Good,F,SI1,58.3,58.0,676,4.92,4.96,2.88
4838,Very Good,D,VS2,62.7,58.4,1311,4.83,4.87,3.04
4839,Ideal,E,SI2,61.2,57.0,10340,7.41,7.46,4.55
4840,Ideal,I,SI2,61.1,58.0,7362,7.34,7.42,4.51
4841,Ideal,D,VS2,62.8,56.0,11409,7.08,7.02,4.43
4842,Very Good,E,SI2,63.3,59.0,4479,6.43,6.31,4.03
4843,Ideal,H,VS1,61.7,55.0,668,4.64,4.66,2.87
4844,Premium,E,SI2,59.1,60.0,3701,6.31,6.25,3.71
4845,Ideal,F,SI1,61.9,55.0,11526,7.44,7.35,4.58
4846,Premium,G,SI1,59.8,59.0,9600,7.47,7.45,4.46
4847,,H,SI2,60.5,59.0,16629,8.34,8.26,5.02
4848,Premium,H,SI1,62.9,59.0,4275,6.44,6.41,4.04
4849,Premium,J,SI2,63.0,59.0,2717,6.15,6.11,3.86
4850,Premium,G,VVS2,60.7,58.0,1913,5.25,5.19,3.17
4851,Ideal,D,VS2,62.3,56.0,1002,4.46,4.43,2.77
4852,Ideal,D,VS2,61.8,55.0,911,4.36,4.31,2.68
4853,Very Good,H,SI1,62.2,58.0,7388,6.98,7.0,4.35
4854,Very Good,H,SI1,59.6,58.0,10447,7.61,7.65,4.55
4855,Ideal,J,SI1,61.9,56.0,4678,6.82,6.79,4.21
4856,,D,SI2,61.9,55.0,1412,5.25,5.18,3.23
4857,Fair,J,VS2,65.1,56.0,1030,5.06,5.01,3.28
4858,Ideal,F,IF,61.6,55.0,1113,4.45,4.44,2.74
4859,Ideal,G,VS2,61.5,57.0,720,4.41,4.4,2.71
4860,Good,J,SI2,64.7,54.0,1141,5.39,5.43,3.5
4861,Premium,D,SI2,58.6,62.0,8366,7.58,7.46,4.41
4862,Premium,H,VS2,60.2,61.0,17069,8.14,8.05,4.87
4863,Ideal,F,SI2,61.5,55.0,619,4.73,4.76,2.92
4864,Fair,J,VS1,61.9,67.0,1869,5.8,5.71,3.56
4865,Good,F,VVS1,,54.0,977,4.38,,2.77
4866,Very Good,F,SI2,62.8,60.0,8581,7.25,7.31,4.57
4867,Premium,H,VVS1,61.6,59.0,731,4.36,4.41,2.7
4868,Ideal,E,VVS1,60.9,57.0,954,4.41,4.45,2.7
4869,Ideal,H,SI1,61.8,56.0,4386,6.18,6.22,3.83
4870,Very Good,I,SI2,60.9,63.0,7635,7.52,7.53,4.58
4871,Ideal,G,SI1,62.1,57.0,18736,8.07,8.1,5.02
4872,Very Good,F,VS2,63.4,55.0,6381,6.34,6.28,4.0
4873,,H,VVS2,61.3,56.0,778,4.38,4.4,2.69
4874,Ideal,F,VS2,63.0,57.0,1080,4.72,4.67,2.96
4875,Good,J,SI2,,57.0,629,4.8,,3.04
4876,Fair,F,I1,65.3,60.0,2134,6.39,6.32,4.15
4877,Ideal,H,VS2,62.3,56.0,2398,5.64,5.72,3.54
4878,Ideal,G,VS1,61.7,56.0,7951,6.48,6.51,4.01
4879,Very Good,E,SI1,63.2,56.0,1837,5.38,5.31,3.38
4880,Good,G,SI2,57.3,61.0,3424,6.81,6.76,3.89
4881,Ideal,G,VVS1,62.4,55.0,2004,5.09,5.14,3.19
4882,Ideal,G,VS2,61.8,56.0,1758,5.38,5.36,3.32
4883,,E,SI2,61.8,59.0,4759,6.41,6.47,3.98
4884,Very Good,E,SI2,61.5,58.0,5236,6.67,6.72,4.12
4885,Ideal,I,IF,61.6,56.0,7206,6.78,6.83,4.19
4886,Premium,D,VS1,60.6,58.0,3893,5.97,5.87,3.59
4887,Very Good,G,SI1,61.4,61.0,666,4.62,4.66,2.85
4888,Premium,G,VS2,60.4,58.0,966,4.78,4.76,2.88
4889,Premium,I,SI2,62.4,62.0,2708,6.62,6.56,4.11
4890,Premium,G,VS2,61.0,58.0,17614,7.77,7.75,4.73
4891,Premium,J,SI1,59.1,57.0,2199,6.1,6.05,3.59
4892,Very Good,H,VS2,61.3,55.0,644,4.67,4.66,2.86
4893,Ideal,G,VS2,62.7,54.0,742,4.42,4.41,2.77
4894,Very Good,H,VS1,59.7,57.0,10496,7.47,7.56,4.49
4895,Very Good,G,VS2,63.1,57.0,5918,6.35,6.4,4.02
4896,Good,D,VS2,63.1,57.0,7863,6.61,6.63,4.18
4897,Ideal,J,VVS1,62.2,59.0,9814,7.29,7.33,4.55
4898,,G,SI2,62.0,57.0,8737,7.31,7.26,4.52
4899,Ideal,F,SI1,61.8,55.0,1414,5.26,5.22,3.24
4900,Ideal,H,SI1,,57.0,1445,5.39,,3.3
4901,Premium,E,IF,59.8,59.0,11025,6.65,6.62,3.97
4902,Fair,H,VS2,65.2,56.0,12765,7.93,7.86,5.15
4903,Ideal,H,SI1,62.0,57.0,5220,6.51,6.56,4.05
4904,Very Good,G,VS1,62.1,55.0,645,4.41,4.45,2.75
4905,Very Good,H,SI1,60.1,61.0,683,4.76,4.83,2.88
4906,,E,SI2,60.1,62.0,4453,6.57,6.6,3.96
4907,Premium,H,SI1,60.8,60.0,4384,6.61,6.52,3.99
4908,Ideal,I,VS1,61.2,55.2,513,4.33,4.36,2.66
4909,Ideal,G,SI1,62.5,55.0,4259,6.18,6.2,3.87
4910,Very Good,E,VVS2,63.8,59.0,1074,4.67,4.67,2.98
4911,,G,VS1,62.4,56.0,1689,5.11,5.14,3.2
4912,Premium,E,SI2,61.7,61.0,2614,5.93,5.9,3.65
4913,Ideal,I,VVS1,61.6,54.0,848,4.88,4.92,3.02
4914,Very Good,F,SI2,59.8,59.0,1940,5.75,5.82,3.46
4915,Good,E,VS2,61.6,61.0,2269,5.56,5.61,3.44
4916,Fair,F,SI2,65.1,60.0,3740,6.19,6.1,4.0
4917,Fair,H,VS1,66.1,56.0,14199,7.79,7.71,5.12
4918,Very Good,D,VS2,62.9,58.0,3533,5.8,5.87,3.67
4919,Ideal,G,VS2,61.4,57.0,1910,5.68,5.69,3.49
4920,Very Good,E,SI2,60.6,56.0,1113,5.17,5.23,3.15
4921,Premium,G,VS1,60.8,62.0,1629,5.09,5.07,3.09
4922,Ideal,G,VVS1,61.2,57.0,9214,6.73,6.64,4.09
4923,Premium,I,VS2,61.1,59.0,11256,7.56,7.63,4.64
4924,Ideal,E,VVS2,61.7,57.0,789,4.31,4.34,2.67
4925,Ideal,G,IF,61.7,53.0,891,4.37,4.42,2.71
4926,,J,VS1,62.7,58.0,1989,5.67,5.72,3.57
4927,Fair,J,SI1,64.4,61.0,11212,7.74,7.78,5.0
4928,Premium,F,VS1,60.8,55.0,1092,4.76,4.72,2.88
4929,Very Good,E,VVS2,61.0,59.0,530,3.96,3.98,2.42
4930,Premium,F,IF,61.5,58.0,1085,4.34,4.31,2.66
4931,,I,SI1,63.7,58.0,2352,5.72,5.77,3.66
4932,Ideal,E,VVS1,61.5,56.0,1400,4.83,4.86,2.98
4933,Very Good,G,SI2,61.6,57.0,7174,6.99,7.04,4.32
4934,Premium,G,SI2,59.6,61.0,3326,6.33,6.26,3.75
4935,Ideal,E,VVS1,62.4,56.0,800,4.16,4.14,2.59
4936,Ideal,G,VVS2,61.7,56.0,687,4.38,4.4,2.71
4937,,E,SI1,63.9,56.0,1155,5.04,4.97,3.2
4938,Ideal,D,VVS1,61.6,60.0,3155,5.34,5.35,3.29
4939,Very Good,G,SI2,63.4,57.0,2002,5.68,5.7,3.61
4940,Ideal,G,SI2,,55.0,5012,6.8,,4.2
4941,Premium,E,SI2,61.7,62.0,4654,6.54,6.49,4.02
4942,Ideal,I,VVS1,61.2,56.0,864,4.82,4.86,2.96
4943,Very Good,D,SI2,59.8,58.0,4564,6.55,6.6,3.93
4944,Fair,F,SI2,,56.0,5918,7.2,,4.67
4945,Ideal,I,VS1,61.5,56.0,6435,6.88,6.88,4.23
4946,Ideal,D,VS2,61.5,55.0,3980,5.79,5.82,3.57
4947,Very Good,E,SI1,63.1,56.0,693,4.45,4.42,2.8
4948,Very Good,H,SI2,59.5,59.0,3249,6.4,6.24,3.76
4949,Ideal,D,VS1,62.2,57.0,1067,4.63,4.66,2.89
4950,Ideal,D,VS2,,54.9,4378,6.03,,3.74
4951,,D,SI1,62.7,57.0,5670,6.34,6.36,3.98
4952,Premium,G,VS1,59.8,59.0,6353,6.51,6.49,3.89
4953,Ideal,J,SI1,62.1,58.0,6546,7.25,7.15,4.47
4954,Ideal,H,SI1,62.6,57.0,5127,6.48,6.5,4.06
4955,Ideal,E,SI1,,57.0,2993,5.84,,3.57
4956,Ideal,F,VS1,60.9,57.0,1104,4.88,4.84,2.96
4957,Premium,H,VS2,60.0,56.0,5677,6.73,6.67,4.02
4958,Premium,F,SI1,62.2,58.0,4862,6.56,6.52,4.07
4959,Ideal,H,SI1,63.1,57.0,4233,6.35,6.3,3.99
4960,Ideal,I,VS1,61.6,55.0,1219,4.9,4.91,3.02
4961,Premium,F,VVS2,62.6,56.0,2239,5.37,5.27,3.33
4962,,H,VS1,60.9,56.8,11558,7.37,7.41,4.5
4963,Premium,I,VVS1,60.9,58.0,842,4.76,4.76,2.9
4964,Very Good,E,VS1,,58.0,487,4.25,,2.56
4965,Ideal,E,SI2,,57.0,4585,6.35,,4.01
4966,Premium,J,SI1,59.1,59.0,5913,7.38,7.3,4.34
4967,Ideal,D,SI1,60.8,57.0,1403,5.14,5.16,3.13
4968,Premium,G,VVS2,62.2,61.0,1805,5.08,5.08,3.16
4969,Ideal,F,VS1,61.9,57.0,1103,4.81,4.79,2.97
4970,Premium,E,SI1,62.9,61.0,2592,5.71,5.58,3.55
4971,Premium,I,VS1,59.7,58.0,4987,6.81,6.75,4.05
4972,Ideal,E,SI1,61.3,57.0,3337,6.1,6.01,3.71
4973,Ideal,G,VVS1,62.2,57.0,1114,4.46,4.42,2.76
4974,,H,VS2,62.4,57.0,4415,6.54,6.48,4.06
4975,Ideal,D,SI1,61.8,55.0,990,4.78,4.74,2.94
4976,Very Good,G,SI2,62.0,58.0,3682,6.42,6.46,3.99
4977,Good,G,SI1,64.2,58.0,10427,7.13,7.19,4.6
4978,Very Good,I,VS2,62.8,56.0,408,4.26,4.27,2.68
4979,Premium,F,SI2,60.9,58.0,1263,5.29,5.26,3.21
4980,Very Good,D,VS2,63.4,56.0,2826,5.6,5.57,3.54
4981,Premium,G,VVS2,62.5,56.0,14855,7.49,7.4,4.65
4982,Premium,D,VS1,62.3,55.0,8334,6.47,6.38,4.0
4983,,F,SI1,60.3,58.0,4829,6.53,6.6,3.96
4984,Very Good,F,VS1,62.1,59.0,1180,4.85,4.81,3.0
4985,Ideal,G,VVS1,61.5,57.0,1357,4.95,4.9,3.03
4986,Ideal,F,SI1,61.7,55.0,1316,5.23,5.28,3.24
4987,Premium,G,VVS1,,59.0,1013,4.34,,2.66
4988,Premium,G,SI1,60.5,58.0,14128,7.87,7.83,4.75
4989,Fair,G,VVS2,65.0,58.0,1712,4.99,4.95,3.23
4990,Ideal,G,VS2,62.2,56.0,743,4.44,4.43,2.76
4991,Ideal,E,VS2,60.5,56.0,1892,5.14,5.2,3.13
4992,Ideal,G,SI1,62.2,55.0,11927,7.46,7.5,4.65
4993,Premium,F,SI2,61.7,58.0,4416,6.37,6.41,3.94
4994,Ideal,G,VVS1,62.1,55.0,1230,4.79,4.74,2.96
4995,Premium,F,SI1,60.8,59.0,550,4.42,4.46,2.7
4996,Very Good,I,SI1,61.5,58.0,9283,7.35,7.31,4.51
4997,Good,G,SI1,63.6,60.0,4828,6.68,6.72,4.26
4998,Ideal,E,VS1,60.2,57.0,734,4.39,4.42,2.65
4999,Ideal,G,VS1,62.6,54.4,8830,6.78,6.83,4.26
5000,Fair,J,SI2,65.7,57.0,5916,7.2,7.11,4.7